"PT";"AFD";"BLOK";"IFTYPE";"IFSUBTYPE";"IFCODE";"IFDESC";"DIMENSI";"NILAI";"SATUAN";"BAIK";"SIAGA";"RUSAK";"WO_NO";"CREATED_DATE";"CREATED_BY";"MODIFIED_DATE";"MODIFIED_BY";"LAT";"LON";"TOPOGRAFI";"JENIS_TANAH";"ACTIVE"
"SA1";"OA";"001";"JL";"JLA";"JLAOA001";"Jalan Transport Timur OA001";"PJG";"161";"MTR";"161";"0";"0";"WOWIF/SA1/202608/020045";"19-AUG-26 01.41.55.000000 PM";"0107042";"19-AUG-26 01.41.55.000000 PM";"0107042";"0";"0";"";"";"Y"
"SA1";"OA";"001";"JL";"JLB";"JLBOA001";"Jalan Koleksi Utara OA001";"PJG";"1167";"MTR";"1097";"70";"0";"";"23-MAY-26 06.52.08.000000 AM";"0107042";"23-MAY-26 06.52.08.000000 AM";"0107042";"0";"0";"";"";"Y"
"SA1";"OA";"002";"JL";"JLA";"JLAOA002";"Jalan Transport Timur OA002";"PJG";"166";"MTR";"166";"0";"0";"";"15-JUL-26 10.37.04.000000 AM";"0107042";"15-JUL-26 10.37.04.000000 AM";"0107042";"0";"0";"";"";"Y"
"SA1";"OA";"002";"JL";"JLB";"JLBOA002";"Jalan Koleksi Utara OA002";"PJG";"1126";"MTR";"1126";"0";"0";"";"16-APR-25 10.29.52.000000 AM";"upesa";"16-APR-25 10.29.52.000000 AM";"";"";"";"";"";"Y"
"SA1";"OA";"003";"JL";"JLA";"JLAOA003";"Jalan Transport Timur OA003";"PJG";"249";"MTR";"249";"0";"0";"";"15-JUL-26 10.38.07.000000 AM";"0107042";"15-JUL-26 10.38.07.000000 AM";"0107042";"0";"0";"";"";"Y"
"SA1";"OA";"003";"JL";"JLB";"JLBOA003";"Jalan Koleksi Utara OA003";"PJG";"1017";"MTR";"1017";"0";"0";"WOWIF/SA1/202606/020030";"11-JUN-26 06.25.00.000000 AM";"0107042";"11-JUN-26 06.25.00.000000 AM";"0107042";"0";"0";"";"";"Y"
"SA1";"OA";"004";"JL";"JLA";"JLAOA004";"Jalan Transport Timur OA004";"PJG";"247";"MTR";"222";"25";"0";"";"26-JUN-26 02.32.13.000000 PM";"0107042";"26-JUN-26 02.32.13.000000 PM";"0107042";"0";"0";"";"";"Y"
"SA1";"OA";"004";"JL";"JLB";"JLBOA004";"Jalan Koleksi Utara OA004";"PJG";"1169";"MTR";"1169";"0";"0";"";"10-JUN-25 11.49.41.000000 AM";"0107042";"10-JUN-25 11.49.41.000000 AM";"0107042";"0";"0";"";"";"Y"
"SA1";"OA";"005";"JL";"JLA";"JLAOA005";"Jalan Transport Timur OA005";"PJG";"245";"MTR";"225";"20";"0";"";"26-MAY-26 10.26.06.000000 AM";"0107042";"26-MAY-26 10.26.06.000000 AM";"0107042";"0";"0";"";"";"Y"
"SA1";"OA";"005";"JL";"JLB";"JLBOA005";"Jalan Koleksi Utara OA005";"PJG";"1169";"MTR";"1169";"0";"0";"WOWIF/SA1/202507/020062";"15-JUL-25 09.21.53.000000 AM";"0107042";"15-JUL-25 09.21.53.000000 AM";"0107042";"0";"0";"";"";"Y"
"SA1";"OA";"006";"JL";"JLA";"JLAOA006";"Jalan Transport Timur OA006";"PJG";"231";"MTR";"231";"0";"0";"";"06-MAY-25 03.25.06.000000 PM";"0107042";"06-MAY-25 03.25.06.000000 PM";"0107042";"0";"0";"";"";"Y"
"SA1";"OA";"006";"JL";"JLB";"JLBOA006";"Jalan Koleksi Utara OA006";"PJG";"1016";"MTR";"1016";"0";"0";"";"20-MAY-25 09.45.59.000000 AM";"0107042";"20-MAY-25 09.45.59.000000 AM";"0107042";"0";"0";"";"";"Y"
"SA1";"OA";"007";"JL";"JLA";"JLAOA007";"Jalan Transport Timur OA007";"PJG";"249";"MTR";"249";"0";"0";"";"04-JUN-26 01.02.29.000000 PM";"0107042";"04-JUN-26 01.02.29.000000 PM";"0107042";"0";"0";"";"";"Y"
"SA1";"OA";"007";"JL";"JLB";"JLBOA007";"Jalan Koleksi Utara OA007";"PJG";"1015";"MTR";"1015";"0";"0";"";"03-JUN-25 07.34.31.000000 AM";"0107042";"03-JUN-25 07.34.31.000000 AM";"0107042";"0";"0";"";"";"Y"
"SA1";"OA";"008";"JL";"JLA";"JLAOA008";"Jalan Transport Timur OA008";"PJG";"236";"MTR";"201";"35";"0";"";"26-JUN-26 02.31.16.000000 PM";"0107042";"26-JUN-26 02.31.16.000000 PM";"0107042";"0";"0";"";"";"Y"
"SA1";"OA";"008";"JL";"JLB";"JLBOA008";"Jalan Koleksi Utara OA008";"PJG";"1163";"MTR";"1163";"0";"0";"";"15-JUL-26 10.38.59.000000 AM";"0107042";"15-JUL-26 10.38.59.000000 AM";"0107042";"0";"0";"";"";"Y"
"SA1";"OA";"009";"JL";"JLA";"JLAOA009";"Jalan Transport Timur OA009";"PJG";"249";"MTR";"224";"25";"0";"";"03-JUL-26 10.41.21.000000 AM";"0107042";"03-JUL-26 10.41.21.000000 AM";"0107042";"0";"0";"";"";"Y"
"SA1";"OA";"009";"JL";"JLB";"JLBOA009";"Jalan Koleksi Utara OA009";"PJG";"1170";"MTR";"1170";"0";"0";"";"10-JUN-25 11.50.28.000000 AM";"0107042";"10-JUN-25 11.50.28.000000 AM";"0107042";"0";"0";"";"";"Y"
"SA1";"OA";"010";"JL";"JLA";"JLAOA010";"Jalan Transport Timur OA010";"PJG";"256";"MTR";"256";"0";"0";"WOWIF/SA1/202607/020104";"28-JUL-26 06.53.26.000000 AM";"0107042";"28-JUL-26 06.53.26.000000 AM";"0107042";"0";"0";"";"";"Y"
"SA1";"OA";"010";"JL";"JLB";"JLBOA010";"Jalan Koleksi Utara OA010";"PJG";"1011";"MTR";"1011";"0";"0";"";"20-MAY-25 09.46.35.000000 AM";"0107042";"20-MAY-25 09.46.35.000000 AM";"0107042";"0";"0";"";"";"Y"
"SA1";"OA";"011";"JL";"JLA";"JLAOA011";"Jalan Transport Timur OA011";"PJG";"249";"MTR";"249";"0";"0";"WOWIF/SA1/202608/020026";"11-AUG-26 07.56.12.000000 AM";"0107042";"11-AUG-26 07.56.41.000000 AM";"0107042";"-1.9646";"102.496";"";"";"Y"
"SA1";"OA";"011";"JL";"JLB";"JLBOA011";"Jalan Koleksi Utara OA011";"PJG";"1041";"MTR";"1041";"0";"0";"WOWIF/SA1/202608/020025";"11-AUG-26 07.55.32.000000 AM";"0107042";"11-AUG-26 07.55.32.000000 AM";"0107042";"0";"0";"";"";"Y"
"SA1";"OA";"012";"JL";"JLA";"JLAOA012";"Jalan Transport Timur OA012";"PJG";"247";"MTR";"227";"20";"0";"";"02-JUN-26 10.22.41.000000 AM";"0107042";"02-JUN-26 10.22.41.000000 AM";"0107042";"0";"0";"";"";"Y"
"SA1";"OA";"012";"JL";"JLB";"JLBOA012";"Jalan Koleksi Utara OA012";"PJG";"1018";"MTR";"958";"60";"0";"";"25-MAR-26 01.59.11.000000 PM";"0107042";"25-MAR-26 01.59.11.000000 PM";"0107042";"0";"0";"";"";"Y"
"SA1";"OA";"013";"JL";"JLA";"JLAOA013";"Jalan Transport Timur OA013";"PJG";"248";"MTR";"208";"40";"0";"";"26-JUN-26 02.29.09.000000 PM";"0107042";"26-JUN-26 02.29.09.000000 PM";"0107042";"0";"0";"";"";"Y"
"SA1";"OA";"013";"JL";"JLB";"JLBOA013";"Jalan Koleksi Utara OA013";"PJG";"1172";"MTR";"1172";"0";"0";"";"29-APR-25 08.45.37.000000 AM";"0107042";"29-APR-25 08.45.37.000000 AM";"0107042";"0";"0";"";"";"Y"
"SA1";"OA";"014";"JL";"JLA";"JLAOA014";"Jalan Transport Timur OA014";"PJG";"253";"MTR";"223";"30";"0";"";"26-JUN-26 02.28.36.000000 PM";"0107042";"26-JUN-26 02.28.36.000000 PM";"0107042";"0";"0";"";"";"Y"
"SA1";"OA";"014";"JL";"JLB";"JLBOA014";"Jalan Koleksi Utara OA014";"PJG";"1170";"MTR";"1170";"0";"0";"WOWIF/SA1/202510/020025";"04-OCT-25 08.38.41.000000 AM";"0107042";"04-OCT-25 08.38.41.000000 AM";"0107042";"0";"0";"";"";"Y"
"SA1";"OA";"015";"JL";"JLA";"JLAOA015";"Jalan Transport Timur OA015";"PJG";"246";"MTR";"246";"0";"0";"WOWIF/SA1/202606/020078";"25-JUN-26 06.37.49.000000 AM";"0107042";"25-JUN-26 06.37.49.000000 AM";"0107042";"0";"0";"";"";"Y"
"SA1";"OA";"015";"JL";"JLB";"JLBOA015";"Jalan Koleksi Utara OA015";"PJG";"1023";"MTR";"1023";"0";"0";"";"20-MAY-25 09.47.15.000000 AM";"0107042";"20-MAY-25 09.47.15.000000 AM";"0107042";"0";"0";"";"";"Y"
"SA1";"OA";"016";"JL";"JLA";"JLAOA016";"Jalan Transport Timur OA016";"PJG";"245";"MTR";"245";"0";"0";"WOWIF/SA1/202608/020027";"11-AUG-26 07.57.50.000000 AM";"0107042";"11-AUG-26 07.57.50.000000 AM";"0107042";"0";"0";"";"";"Y"
"SA1";"OA";"016";"JL";"JLB";"JLBOA016";"Jalan Koleksi Utara OA016";"PJG";"1026";"MTR";"1026";"0";"0";"WOWIF/SA1/202606/020092";"01-JUL-26 03.22.32.000000 PM";"0107042";"01-JUL-26 03.22.32.000000 PM";"0107042";"0";"0";"";"";"Y"
"SA1";"OA";"017";"JL";"JLA";"JLAOA017";"Jalan Transport Timur OA017";"PJG";"245";"MTR";"215";"30";"0";"";"07-AUG-26 06.49.44.000000 AM";"0107042";"07-AUG-26 06.49.44.000000 AM";"0107042";"0";"0";"";"";"Y"
"SA1";"OA";"017";"JL";"JLB";"JLBOA017";"Jalan Koleksi Utara OA017";"PJG";"1031";"MTR";"1031";"0";"0";"WOWIF/SA1/202608/020028";"11-AUG-26 07.59.07.000000 AM";"0107042";"11-AUG-26 07.59.07.000000 AM";"0107042";"0";"0";"";"";"Y"
"SA1";"OA";"018";"JL";"JLA";"JLAOA018";"Jalan Transport Timur OA018";"PJG";"250";"MTR";"210";"40";"0";"";"15-APR-25 10.35.50.000000 AM";"0107042";"15-APR-25 10.35.50.000000 AM";"0107042";"0";"0";"";"";"Y"
"SA1";"OA";"018";"JL";"JLB";"JLBOA018";"Jalan Koleksi Utara OA018";"PJG";"1028";"MTR";"1028";"0";"0";"";"15-JUL-26 10.39.48.000000 AM";"0107042";"15-JUL-26 10.39.48.000000 AM";"0107042";"0";"0";"";"";"Y"
"SA1";"OA";"019";"JL";"JLA";"JLAOA019";"Jalan Transport Timur OA019";"PJG";"248";"MTR";"223";"25";"0";"";"23-APR-26 09.16.37.000000 AM";"0107042";"23-APR-26 09.16.37.000000 AM";"0107042";"0";"0";"";"";"Y"
"SA1";"OA";"019";"JL";"JLB";"JLBOA019";"Jalan Koleksi Utara OA019";"PJG";"1175";"MTR";"1175";"0";"0";"WOWIF/SA1/202507/020063";"15-JUL-25 09.23.42.000000 AM";"0107042";"15-JUL-25 09.23.42.000000 AM";"0107042";"0";"0";"";"";"Y"
"SA1";"OB";"001";"JL";"JLA";"JLAOB001";"Jalan Transport Timur OB001";"PJG";"273";"MTR";"233";"40";"0";"";"26-JUN-26 02.27.33.000000 PM";"0107042";"26-JUN-26 02.27.33.000000 PM";"0107042";"0";"0";"";"";"Y"
"SA1";"OB";"001";"JL";"JLB";"JLBOB001";"Jalan Koleksi Utara OB001";"PJG";"1176";"MTR";"1176";"0";"0";"WOWIF/SA1/202510/020026";"04-OCT-25 08.39.36.000000 AM";"0107042";"04-OCT-25 08.39.36.000000 AM";"0107042";"0";"0";"";"";"Y"
"SA1";"OB";"002";"JL";"JLA";"JLAOB002";"Jalan Transport Timur OB002";"PJG";"244";"MTR";"214";"30";"0";"";"22-JUN-26 08.33.14.000000 AM";"0107042";"22-JUN-26 08.33.14.000000 AM";"0107042";"0";"0";"";"";"Y"
"SA1";"OB";"002";"JL";"JLB";"JLBOB002";"Jalan Koleksi Utara OB002";"PJG";"1028";"MTR";"1028";"0";"0";"";"14-JUN-25 10.48.52.000000 AM";"0107042";"14-JUN-25 10.48.52.000000 AM";"0107042";"0";"0";"";"";"Y"
"SA1";"OB";"003";"JL";"JLA";"JLAOB003";"Jalan Transport Timur OB003";"PJG";"224";"MTR";"224";"0";"0";"WOWIF/SA1/202607/020102";"27-JUL-26 09.08.44.000000 AM";"0107042";"27-JUL-26 09.08.44.000000 AM";"0107042";"0";"0";"";"";"Y"
"SA1";"OB";"003";"JL";"JLB";"JLBOB003";"Jalan Koleksi Utara OB003";"PJG";"1033";"MTR";"963";"70";"0";"";"14-JUL-26 10.43.30.000000 AM";"0107042";"14-JUL-26 10.43.30.000000 AM";"0107042";"0";"0";"";"";"Y"
"SA1";"OB";"004";"JL";"JLA";"JLAOB004";"Jalan Transport Timur OB004";"PJG";"279";"MTR";"239";"40";"0";"";"10-JUL-26 09.54.50.000000 AM";"0107042";"10-JUL-26 09.54.50.000000 AM";"0107042";"0";"0";"";"";"Y"
"SA1";"OB";"004";"JL";"JLB";"JLBOB004";"Jalan Koleksi Utara OB004";"PJG";"1029";"MTR";"1029";"0";"0";"WOWIF/SA1/202606/020034";"12-JUN-26 11.31.31.000000 AM";"0107042";"12-JUN-26 11.31.31.000000 AM";"0107042";"0";"0";"";"";"Y"
"SA1";"OB";"005";"JL";"JLA";"JLAOB005";"Jalan Transport Timur OB005";"PJG";"250";"MTR";"250";"0";"0";"WOWIF/SA1/202606/020079";"25-JUN-26 06.38.25.000000 AM";"0107042";"25-JUN-26 06.38.25.000000 AM";"0107042";"0";"0";"";"";"Y"
"SA1";"OB";"005";"JL";"JLB";"JLBOB005";"Jalan Koleksi Utara OB005";"PJG";"1032";"MTR";"1032";"0";"0";"WOGIF/SA1/202507/020104";"16-JUL-25 08.22.35.000000 AM";"0107042";"16-JUL-25 08.22.35.000000 AM";"0107042";"0";"0";"";"";"Y"
"SA1";"OB";"006";"JL";"JLA";"JLAOB006";"Jalan Transport Timur OB006";"PJG";"236";"MTR";"201";"35";"0";"";"26-JUN-26 02.26.54.000000 PM";"0107042";"26-JUN-26 02.26.54.000000 PM";"0107042";"0";"0";"";"";"Y"
"SA1";"OB";"006";"JL";"JLB";"JLBOB006";"Jalan Koleksi Utara OB006";"PJG";"1179";"MTR";"1179";"0";"0";"";"16-JUL-25 08.23.58.000000 AM";"0107042";"16-JUL-25 08.23.58.000000 AM";"0107042";"0";"0";"";"";"Y"
"SA1";"OB";"007";"JL";"JLA";"JLAOB007";"Jalan Transport Timur OB007";"PJG";"199";"MTR";"199";"0";"0";"WOWIF/SA1/202511/020067";"27-NOV-25 04.53.12.000000 PM";"0107042";"27-NOV-25 04.53.12.000000 PM";"0107042";"0";"0";"";"";"Y"
"SA1";"OB";"007";"JL";"JLB";"JLBOB007";"Jalan Koleksi Utara OB007";"PJG";"1185";"MTR";"1185";"0";"0";"WOWIF/SA1/202511/020065";"27-NOV-25 04.51.30.000000 PM";"0107042";"27-NOV-25 04.51.30.000000 PM";"0107042";"0";"0";"";"";"Y"
"SA1";"OB";"008";"JL";"JLB";"JLBOB008";"Jalan Koleksi Utara OB008";"PJG";"1034";"MTR";"974";"60";"0";"";"26-JUN-26 02.26.20.000000 PM";"0107042";"26-JUN-26 02.26.20.000000 PM";"0107042";"0";"0";"";"";"Y"
"SA1";"OB";"008";"JL";"JLE";"JLEOB008";"Jalan Utama OB008";"PJG";"246";"MTR";"246";"0";"0";"";"04-JUN-26 01.21.02.000000 PM";"0107042";"04-JUN-26 01.21.02.000000 PM";"0107042";"0";"0";"";"";"Y"
"SA1";"OB";"009";"JL";"JLA";"JLAOB009";"Jalan Transport Timur OB009";"PJG";"274";"MTR";"239";"35";"0";"";"26-JUN-26 03.38.28.000000 PM";"0107042";"26-JUN-26 03.38.28.000000 PM";"0107042";"0";"0";"";"";"Y"
"SA1";"OB";"009";"JL";"JLB";"JLBOB009";"Jalan Koleksi Utara OB009";"PJG";"1025";"MTR";"955";"70";"0";"";"24-APR-26 11.17.32.000000 AM";"0107042";"24-APR-26 11.17.32.000000 AM";"0107042";"0";"0";"";"";"Y"
"SA1";"OB";"010";"JL";"JLA";"JLAOB010";"Jalan Transport Timur OB010";"PJG";"275";"MTR";"250";"25";"0";"";"02-JUN-26 10.23.41.000000 AM";"0107042";"02-JUN-26 10.23.41.000000 AM";"0107042";"0";"0";"";"";"Y"
"SA1";"OB";"010";"JL";"JLB";"JLBOB010";"Jalan Koleksi Utara OB010";"PJG";"935";"MTR";"875";"60";"0";"";"15-JUL-26 10.41.03.000000 AM";"0107042";"15-JUL-26 10.41.03.000000 AM";"0107042";"0";"0";"";"";"Y"
"SA1";"OB";"011";"JL";"JLA";"JLAOB011";"Jalan Transport Timur OB011";"PJG";"264";"MTR";"264";"0";"0";"WOWIF/SA1/202606/020013";"04-JUN-26 10.05.07.000000 AM";"0107042";"04-JUN-26 10.05.07.000000 AM";"0107042";"0";"0";"";"";"Y"
"SA1";"OB";"011";"JL";"JLB";"JLBOB011";"Jalan Koleksi Utara OB011";"PJG";"1034";"MTR";"1034";"0";"0";"WOWIF/SA1/202607/020064";"15-JUL-26 06.32.28.000000 AM";"0107042";"15-JUL-26 06.32.28.000000 AM";"0107042";"0";"0";"";"";"Y"
"SA1";"OB";"012";"JL";"JLA";"JLAOB012";"Jalan Transport Timur OB012";"PJG";"246";"MTR";"246";"0";"0";"";"04-JUN-26 01.25.33.000000 PM";"0107042";"04-JUN-26 01.25.33.000000 PM";"0107042";"0";"0";"";"";"Y"
"SA1";"OB";"012";"JL";"JLB";"JLBOB012";"Jalan Koleksi Utara OB012";"PJG";"1018";"MTR";"1018";"0";"0";"WOWIF/SA1/202510/020069";"10-OCT-25 09.53.55.000000 AM";"0107042";"10-OCT-25 09.53.55.000000 AM";"0107042";"0";"0";"";"";"Y"
"SA1";"OB";"013";"JL";"JLB";"JLBOB013";"Jalan Koleksi Utara OB013";"PJG";"1044";"MTR";"924";"120";"0";"";"21-FEB-25 10.40.44.000000 AM";"0107042";"21-FEB-25 10.40.44.000000 AM";"0107042";"0";"0";"";"";"Y"
"SA1";"OB";"013";"JL";"JLE";"JLEOB013";"Jalan Utama OB013";"PJG";"259";"MTR";"259";"0";"0";"";"04-JUN-26 01.26.38.000000 PM";"0107042";"04-JUN-26 01.26.38.000000 PM";"0107042";"0";"0";"";"";"Y"
"SA1";"OB";"014";"JL";"JLA";"JLAOB014";"Jalan Transport Timur OB014";"PJG";"277";"MTR";"277";"0";"0";"WOWIF/SA1/202511/020066";"27-NOV-25 04.53.55.000000 PM";"0107042";"27-NOV-25 04.53.55.000000 PM";"0107042";"0";"0";"";"";"Y"
"SA1";"OB";"014";"JL";"JLB";"JLBOB014";"Jalan Koleksi Utara OB014";"PJG";"1185";"MTR";"1185";"0";"0";"WOWIF/SA1/202602/020013";"13-FEB-26 08.58.07.000000 AM";"0107042";"13-FEB-26 08.58.07.000000 AM";"0107042";"0";"0";"";"";"Y"
"SA1";"OB";"015";"JL";"JLA";"JLAOB015";"Jalan Transport Timur OB015";"PJG";"243";"MTR";"243";"0";"0";"WOWIF/SA1/202511/020050";"21-NOV-25 11.18.30.000000 AM";"0107042";"21-NOV-25 11.18.30.000000 AM";"0107042";"0";"0";"";"";"Y"
"SA1";"OB";"015";"JL";"JLB";"JLBOB015";"Jalan Koleksi Utara OB015";"PJG";"1215";"MTR";"1215";"0";"0";"WOWIF/SA1/202511/020046";"21-NOV-25 11.17.23.000000 AM";"0107042";"21-NOV-25 11.17.23.000000 AM";"0107042";"0";"0";"";"";"Y"
"SA1";"OB";"015";"JL";"JLD";"JLDOB015";"Jalan Koleksi Selatan OB015";"PJG";"1001";"MTR";"1001";"0";"0";"";"15-JUL-26 10.42.16.000000 AM";"0107042";"15-JUL-26 10.42.16.000000 AM";"0107042";"0";"0";"";"";"Y"
"SA1";"OB";"016";"JL";"JLB";"JLBOB016";"Jalan Koleksi Utara OB016";"PJG";"1037";"MTR";"1037";"0";"0";"WOWIF/SA1/202511/020036";"12-NOV-25 08.43.59.000000 AM";"0107042";"12-NOV-25 08.43.59.000000 AM";"0107042";"0";"0";"";"";"Y"
"SA1";"OB";"016";"JL";"JLE";"JLEOB016";"Jalan Utama OB016";"PJG";"241";"MTR";"241";"0";"0";"";"04-JUN-26 01.28.00.000000 PM";"0107042";"04-JUN-26 01.28.00.000000 PM";"0107042";"0";"0";"";"";"Y"
"SA1";"OB";"017";"JL";"JLA";"JLAOB017";"Jalan Transport Timur OB017";"PJG";"242";"MTR";"242";"0";"0";"WOWIF/SA1/202607/020057";"11-JUL-26 12.49.46.000000 PM";"0107042";"11-JUL-26 12.49.46.000000 PM";"0107042";"0";"0";"";"";"Y"
"SA1";"OB";"017";"JL";"JLB";"JLBOB017";"Jalan Koleksi Utara OB017";"PJG";"1019";"MTR";"1019";"0";"0";"WOWIF/SA1/202607/020056";"11-JUL-26 12.48.33.000000 PM";"0107042";"11-JUL-26 12.48.33.000000 PM";"0107042";"0";"0";"";"";"Y"
"SA1";"OB";"018";"JL";"JLA";"JLAOB018";"Jalan Transport Timur OB018";"PJG";"123";"MTR";"123";"0";"0";"WOWIF/SA1/202606/020012";"04-JUN-26 10.02.49.000000 AM";"0107042";"04-JUN-26 10.02.49.000000 AM";"0107042";"0";"0";"";"";"Y"
"SA1";"OB";"018";"JL";"JLB";"JLBOB018";"Jalan Koleksi Utara OB018";"PJG";"1020";"MTR";"1020";"0";"0";"WOWIF/SA1/202607/020055";"11-JUL-26 12.49.08.000000 PM";"0107042";"11-JUL-26 12.49.08.000000 PM";"0107042";"0";"0";"";"";"Y"
"SA1";"OB";"019";"JL";"JLB";"JLBOB019";"Jalan Koleksi Utara OB019";"PJG";"285";"MTR";"285";"0";"0";"WOWIF/SA1/202509/020121";"01-OCT-25 06.25.16.000000 AM";"0107042";"01-OCT-25 06.25.16.000000 AM";"0107042";"0";"0";"";"";"Y"
"SA1";"OB";"020";"JL";"JLB";"JLBOB020";"Jalan Koleksi Utara OB020";"PJG";"659";"MTR";"579";"80";"0";"";"21-FEB-25 10.41.17.000000 AM";"0107042";"21-FEB-25 10.41.17.000000 AM";"0107042";"0";"0";"";"";"Y"
"SA1";"OB";"021";"JL";"JLA";"JLAOB021";"Jalan Transport Timur OB021";"PJG";"123";"MTR";"123";"0";"0";"";"04-JUN-26 01.30.04.000000 PM";"0107042";"04-JUN-26 01.30.04.000000 PM";"0107042";"0";"0";"";"";"Y"
"SA1";"OB";"021";"JL";"JLB";"JLBOB021";"Jalan Koleksi Utara OB021";"PJG";"1022";"MTR";"1022";"0";"0";"WOWIF/SA1/202608/020038";"13-AUG-26 06.37.31.000000 AM";"0107042";"13-AUG-26 06.37.31.000000 AM";"0107042";"0";"0";"";"";"Y"
"SA1";"OB";"022";"JL";"JLA";"JLAOB022";"Jalan Transport Timur OB022";"PJG";"245";"MTR";"245";"0";"0";"WOWIF/SA1/202607/020058";"11-JUL-26 12.50.20.000000 PM";"0107042";"11-JUL-26 12.50.20.000000 PM";"0107042";"0";"0";"";"";"Y"
"SA1";"OB";"022";"JL";"JLB";"JLBOB022";"Jalan Koleksi Utara OB022";"PJG";"1016";"MTR";"986";"30";"0";"WOWIF/SA1/202608/020049";"20-AUG-26 06.45.43.000000 AM";"0107042";"20-AUG-26 06.45.43.000000 AM";"0107042";"0";"0";"";"";"Y"
"SA1";"OB";"023";"JL";"JLB";"JLBOB023";"Jalan Koleksi Utara OB023";"PJG";"1036";"MTR";"1036";"0";"0";"WOWIF/SA1/202511/020048";"21-NOV-25 11.16.03.000000 AM";"0107042";"21-NOV-25 11.16.03.000000 AM";"0107042";"0";"0";"";"";"Y"
"SA1";"OB";"023";"JL";"JLE";"JLEOB023";"Jalan Utama OB023";"PJG";"267";"MTR";"267";"0";"0";"";"15-JUL-26 10.44.10.000000 AM";"0107042";"15-JUL-26 10.44.10.000000 AM";"0107042";"0";"0";"";"";"Y"
"SA1";"OC";"001";"JL";"JLA";"JLAOC001";"Jalan Transport Timur OC001";"PJG";"270";"MTR";"270";"0";"0";"WOWIF/SA1/202608/020030";"12-AUG-26 08.16.23.000000 AM";"0107042";"12-AUG-26 08.16.23.000000 AM";"0107042";"0";"0";"";"";"Y"
"SA1";"OC";"001";"JL";"JLB";"JLBOC001";"Jalan Koleksi Utara OC001";"PJG";"1076";"MTR";"1076";"0";"0";"";"15-JUL-26 10.45.17.000000 AM";"0107042";"15-JUL-26 10.45.17.000000 AM";"0107042";"0";"0";"";"";"Y"
"SA1";"OC";"002";"JL";"JLE";"JLEOC002a";"Jalan Utama OC002";"PJG";"263";"MTR";"263";"0";"0";"";"05-APR-23 10.00.00.000000 AM";"SYSTEM";"05-APR-23 10.00.00.000000 AM";"";"";"";"";"";"N"
"SA1";"OC";"002";"JL";"JLE";"JLEOC002b";"Jalan Utama OC002";"PJG";"1016";"MTR";"1016";"0";"0";"";"04-JUN-26 01.46.07.000000 PM";"0107042";"04-JUN-26 01.46.07.000000 PM";"0107042";"0";"0";"";"";"N"
"SA1";"OC";"003";"JL";"JLA";"JLAOC003";"Jalan Transport Timur OC003";"PJG";"249";"MTR";"249";"0";"0";"WOWIF/SA1/202606/020011";"04-JUN-26 10.01.55.000000 AM";"0107042";"04-JUN-26 10.01.55.000000 AM";"0107042";"0";"0";"";"";"Y"
"SA1";"OC";"003";"JL";"JLB";"JLBOC003";"Jalan Koleksi Utara OC003";"PJG";"1019";"MTR";"1019";"0";"0";"";"04-JUN-25 09.08.15.000000 AM";"0107042";"04-JUN-25 09.08.15.000000 AM";"0107042";"0";"0";"";"";"Y"
"SA1";"OC";"004";"JL";"JLB";"JLBOC004";"Jalan Koleksi Utara OC004";"PJG";"619";"MTR";"619";"0";"0";"WOWIF/SA1/202608/020039";"13-AUG-26 06.38.06.000000 AM";"0107042";"13-AUG-26 06.38.06.000000 AM";"0107042";"0";"0";"";"";"Y"
"SA1";"OC";"005";"JL";"JLB";"JLBOC005";"Jalan Koleksi Utara OC005";"PJG";"1141";"MTR";"1141";"0";"0";"WOWIF/SA1/202607/020004";"02-JUL-26 08.38.31.000000 AM";"0107042";"02-JUL-26 08.38.31.000000 AM";"0107042";"0";"0";"";"";"Y"
"SA1";"OC";"006";"JL";"JLA";"JLAOC006";"Jalan Transport Timur OC006";"PJG";"249";"MTR";"249";"0";"0";"";"04-JUN-26 01.46.52.000000 PM";"0107042";"04-JUN-26 01.46.52.000000 PM";"0107042";"0";"0";"";"";"Y"
"SA1";"OC";"006";"JL";"JLB";"JLBOC006";"Jalan Koleksi Utara OC006";"PJG";"1014";"MTR";"1014";"0";"0";"WOWIF/SA1/202608/020040";"13-AUG-26 06.38.56.000000 AM";"0107042";"13-AUG-26 06.38.56.000000 AM";"0107042";"0";"0";"";"";"Y"
"SA1";"OC";"007";"JL";"JLB";"JLBOC007";"Jalan Koleksi Utara OC007";"PJG";"1019";"MTR";"1019";"0";"0";"WOWIF/SA1/202607/020027";"15-JUL-26 10.27.00.000000 AM";"0107042";"15-JUL-26 10.27.00.000000 AM";"0107042";"0";"0";"";"";"Y"
"SA1";"OC";"007";"JL";"JLE";"JLEOC007";"Jalan Utama OC007";"PJG";"247";"MTR";"247";"0";"0";"WOWIF/SA1/202607/020028";"15-JUL-26 10.28.22.000000 AM";"0107042";"15-JUL-26 10.28.22.000000 AM";"0107042";"0";"0";"";"";"Y"
"SA1";"OC";"008";"JL";"JLA";"JLAOC008";"Jalan Transport Timur OC008";"PJG";"244";"MTR";"244";"0";"0";"WOWIF/SA1/202608/020031";"12-AUG-26 08.16.54.000000 AM";"0107042";"12-AUG-26 08.17.12.000000 AM";"0107042";"-1.96479";"102.496";"";"";"Y"
"SA1";"OC";"008";"JL";"JLB";"JLBOC008";"Jalan Koleksi Utara OC008";"PJG";"1274";"MTR";"1274";"0";"0";"WOWIF/SA1/202511/020054";"22-NOV-25 08.25.14.000000 AM";"0107042";"22-NOV-25 08.25.14.000000 AM";"0107042";"0";"0";"";"";"Y"
"SA1";"OC";"009";"JL";"JLA";"JLAOC009";"Jalan Transport Timur OC009";"PJG";"257";"MTR";"257";"0";"0";"WOWIF/SA1/202608/020032";"12-AUG-26 08.17.55.000000 AM";"0107042";"12-AUG-26 08.17.55.000000 AM";"0107042";"0";"0";"";"";"Y"
"SA1";"OC";"009";"JL";"JLB";"JLBOC009";"Jalan Koleksi Utara OC009";"PJG";"1262";"MTR";"1182";"80";"0";"";"04-JUN-26 01.50.42.000000 PM";"0107042";"04-JUN-26 01.50.42.000000 PM";"0107042";"0";"0";"";"";"Y"
"SA1";"OC";"010";"JL";"JLB";"JLBOC010";"Jalan Koleksi Utara OC010";"PJG";"1018";"MTR";"958";"60";"0";"";"04-JUN-26 01.51.47.000000 PM";"0107042";"04-JUN-26 01.51.47.000000 PM";"0107042";"0";"0";"";"";"Y"
"SA1";"OC";"010";"JL";"JLE";"JLEOC010";"Jalan Utama OC010";"PJG";"252";"MTR";"252";"0";"0";"WOWIF/SA1/202607/020029";"15-JUL-26 10.29.07.000000 AM";"0107042";"15-JUL-26 10.29.07.000000 AM";"0107042";"0";"0";"";"";"Y"
"SA1";"OC";"011";"JL";"JLA";"JLAOC011";"Jalan Transport Timur OC011";"PJG";"248";"MTR";"248";"0";"0";"WOWIF/SA1/202607/020051";"10-JUL-26 06.44.34.000000 AM";"0107042";"10-JUL-26 06.44.34.000000 AM";"0107042";"0";"0";"";"";"Y"
"SA1";"OC";"011";"JL";"JLB";"JLBOC011";"Jalan Koleksi Utara OC011";"PJG";"1018";"MTR";"1018";"0";"0";"";"24-APR-25 11.29.21.000000 AM";"0107042";"24-APR-25 11.29.21.000000 AM";"0107042";"0";"0";"";"";"Y"
"SA1";"OC";"012";"JL";"JLB";"JLBOC012";"Jalan Koleksi Utara OC012";"PJG";"1139";"MTR";"1079";"60";"0";"";"25-MAY-26 10.57.45.000000 AM";"0107042";"25-MAY-26 10.57.45.000000 AM";"0107042";"0";"0";"";"";"Y"
"SA1";"OC";"013";"JL";"JLB";"JLBOC013";"Jalan Koleksi Utara OC013";"PJG";"1145";"MTR";"1145";"0";"0";"WOWIF/SA1/202607/020049";"10-JUL-26 06.42.32.000000 AM";"0107042";"10-JUL-26 06.42.32.000000 AM";"0107042";"0";"0";"";"";"Y"
"SA1";"OC";"014";"JL";"JLA";"JLAOC014";"Jalan Transport Timur OC014";"PJG";"258";"MTR";"258";"0";"0";"WOWIF/SA1/202607/020052";"10-JUL-26 06.45.34.000000 AM";"0107042";"10-JUL-26 06.45.34.000000 AM";"0107042";"0";"0";"";"";"Y"
"SA1";"OC";"014";"JL";"JLB";"JLBOC014";"Jalan Koleksi Utara OC014";"PJG";"1017";"MTR";"1017";"0";"0";"";"22-MAY-25 11.28.36.000000 AM";"0107042";"22-MAY-25 11.28.36.000000 AM";"0107042";"0";"0";"";"";"Y"
"SA1";"OC";"015";"JL";"JLB";"JLBOC015";"Jalan Koleksi Utara OC015";"PJG";"1011";"MTR";"1011";"0";"0";"";"05-JUN-26 03.35.33.000000 PM";"0107042";"05-JUN-26 03.35.33.000000 PM";"0107042";"0";"0";"";"";"Y"
"SA1";"OC";"015";"JL";"JLE";"JLEOC015";"Jalan Utama OC015";"PJG";"259";"MTR";"259";"0";"0";"WOWIF/SA1/202607/020030";"08-JUL-26 08.02.12.000000 AM";"0107042";"08-JUL-26 08.02.12.000000 AM";"0107042";"0";"0";"";"";"Y"
"SA1";"OC";"016";"JL";"JLA";"JLAOC016";"Jalan Transport Timur OC016";"PJG";"266";"MTR";"266";"0";"0";"WOWIF/SA1/202608/020033";"12-AUG-26 08.18.50.000000 AM";"0107042";"12-AUG-26 08.18.50.000000 AM";"0107042";"0";"0";"";"";"Y"
"SA1";"OC";"016";"JL";"JLB";"JLBOC016";"Jalan Koleksi Utara OC016";"PJG";"1256";"MTR";"1256";"0";"0";"";"15-JUL-26 10.46.03.000000 AM";"0107042";"15-JUL-26 10.46.03.000000 AM";"0107042";"0";"0";"";"";"Y"
"SA1";"OC";"017";"JL";"JLA";"JLAOC017";"Jalan Transport Timur OC017";"PJG";"249";"MTR";"249";"0";"0";"WOWIF/SA1/202608/020034";"12-AUG-26 08.19.56.000000 AM";"0107042";"12-AUG-26 08.19.56.000000 AM";"0107042";"0";"0";"";"";"Y"
"SA1";"OC";"017";"JL";"JLB";"JLBOC017";"Jalan Koleksi Utara OC017";"PJG";"1238";"MTR";"1108";"130";"0";"";"26-JUN-26 02.58.33.000000 PM";"0107042";"26-JUN-26 02.58.33.000000 PM";"0107042";"0";"0";"";"";"Y"
"SA1";"OC";"018";"JL";"JLB";"JLBOC018";"Jalan Koleksi Utara OC018";"PJG";"1010";"MTR";"900";"110";"0";"";"26-JUN-26 02.57.54.000000 PM";"0107042";"26-JUN-26 02.57.54.000000 PM";"0107042";"0";"0";"";"";"Y"
"SA1";"OC";"018";"JL";"JLE";"JLEOC018";"Jalan Utama OC018";"PJG";"244";"MTR";"244";"0";"0";"WOWIF/SA1/202607/020031";"08-JUL-26 08.03.52.000000 AM";"0107042";"08-JUL-26 08.03.52.000000 AM";"0107042";"0";"0";"";"";"Y"
"SA1";"OC";"019";"JL";"JLA";"JLAOC019";"Jalan Transport Timur OC019";"PJG";"253";"MTR";"253";"0";"0";"WOWIF/SA1/202607/020053";"10-JUL-26 06.46.12.000000 AM";"0107042";"10-JUL-26 06.46.12.000000 AM";"0107042";"0";"0";"";"";"Y"
"SA1";"OC";"019";"JL";"JLB";"JLBOC019";"Jalan Koleksi Utara OC019";"PJG";"1015";"MTR";"895";"120";"0";"";"26-JUN-26 02.57.17.000000 PM";"0107042";"26-JUN-26 02.57.17.000000 PM";"0107042";"0";"0";"";"";"Y"
"SA1";"OC";"020";"JL";"JLB";"JLBOC020";"Jalan Koleksi Utara OC020";"PJG";"1149";"MTR";"1069";"80";"0";"";"20-APR-26 12.30.45.000000 PM";"0107042";"20-APR-26 12.30.45.000000 PM";"0107042";"0";"0";"";"";"Y"
"SA1";"OC";"021";"JL";"JLB";"JLBOC021";"Jalan Koleksi Utara OC021";"PJG";"1155";"MTR";"1155";"0";"0";"WOWIF/SA1/202607/020050";"10-JUL-26 06.44.00.000000 AM";"0107042";"10-JUL-26 06.44.00.000000 AM";"0107042";"0";"0";"";"";"Y"
"SA1";"OC";"022";"JL";"JLA";"JLAOC022";"Jalan Transport Timur OC022";"PJG";"249";"MTR";"249";"0";"0";"WOWIF/SA1/202607/020054";"10-JUL-26 06.47.19.000000 AM";"0107042";"10-JUL-26 06.47.19.000000 AM";"0107042";"0";"0";"";"";"Y"
"SA1";"OC";"022";"JL";"JLB";"JLBOC022";"Jalan Koleksi Utara OC022";"PJG";"1017";"MTR";"1017";"0";"0";"";"26-JUN-25 10.04.01.000000 AM";"0107042";"26-JUN-25 10.04.01.000000 AM";"0107042";"0";"0";"";"";"Y"
"SA1";"OC";"023";"JL";"JLB";"JLBOC023";"Jalan Koleksi Utara OC023";"PJG";"1017";"MTR";"957";"60";"0";"";"05-JUN-26 03.42.10.000000 PM";"0107042";"05-JUN-26 03.42.10.000000 PM";"0107042";"0";"0";"";"";"Y"
"SA1";"OC";"023";"JL";"JLE";"JLEOC023";"Jalan Utama OC023";"PJG";"231";"MTR";"231";"0";"0";"WOWIF/SA1/202607/020032";"08-JUL-26 08.05.06.000000 AM";"0107042";"08-JUL-26 08.05.06.000000 AM";"0107042";"0";"0";"";"";"Y"
"SA1";"OC";"024";"JL";"JLA";"JLAOC024";"Jalan Transport Timur OC024";"PJG";"218";"MTR";"218";"0";"0";"WOWIF/SA1/202608/020035";"12-AUG-26 08.20.37.000000 AM";"0107042";"12-AUG-26 08.20.37.000000 AM";"0107042";"0";"0";"";"";"Y"
"SA1";"OC";"024";"JL";"JLB";"JLBOC024";"Jalan Koleksi Utara OC024";"PJG";"1255";"MTR";"1255";"0";"0";"WOWIF/SA1/202510/020038";"08-OCT-25 06.32.22.000000 AM";"0107042";"08-OCT-25 06.32.22.000000 AM";"0107042";"0";"0";"";"";"Y"
"SA1";"OC";"OC002";"JL";"JLA";"JLAOC002";"Jalan Transport Timur OC002";"";"";"";"";"";"";"";"";"";"";"";"";"";"ROLLING - 2";"";"Y"
"SA1";"OC";"OC002";"JL";"JLB";"JLBOC002";"Jalan Koleksi Utara OC002";"";"";"";"";"";"";"";"";"";"";"";"";"";"ROLLING - 2";"";"Y"
"SA1";"OD";"001";"JL";"JLA";"JLAOD001";"Jalan Transport Timur OD001";"PJG";"255";"MTR";"255";"0";"0";"WOWIF/SA1/202608/020036";"12-AUG-26 08.22.11.000000 AM";"0107042";"12-AUG-26 08.22.11.000000 AM";"0107042";"0";"0";"";"";"Y"
"SA1";"OD";"001";"JL";"JLB";"JLBOD001";"Jalan Koleksi Utara OD001";"PJG";"1263";"MTR";"1263";"0";"0";"WOWIF/SA1/202506/020173";"28-JUN-25 10.46.54.000000 AM";"0107042";"28-JUN-25 10.46.54.000000 AM";"0107042";"0";"0";"";"";"Y"
"SA1";"OD";"002";"JL";"JLB";"JLBOD002";"Jalan Koleksi Utara OD002";"PJG";"1006";"MTR";"1006";"0";"0";"WOWIF/SA1/202506/020174";"28-JUN-25 10.47.47.000000 AM";"0107042";"28-JUN-25 10.47.47.000000 AM";"0107042";"0";"0";"";"";"Y"
"SA1";"OD";"002";"JL";"JLE";"JLEOD002";"Jalan Utama OD002";"PJG";"256";"MTR";"256";"0";"0";"WOWIF/SA1/202607/020033";"08-JUL-26 08.05.55.000000 AM";"0107042";"08-JUL-26 08.05.55.000000 AM";"0107042";"0";"0";"";"";"Y"
"SA1";"OD";"003";"JL";"JLA";"JLAOD003";"Jalan Transport Timur OD003";"PJG";"247";"MTR";"247";"0";"0";"";"08-JUN-26 02.55.22.000000 PM";"0107042";"08-JUN-26 02.55.22.000000 PM";"0107042";"0";"0";"";"";"Y"
"SA1";"OD";"003";"JL";"JLB";"JLBOD003";"Jalan Koleksi Utara OD003";"PJG";"1011";"MTR";"1011";"0";"0";"WOWIF/SA1/202507/020077";"18-JUL-25 09.12.43.000000 AM";"0107042";"18-JUL-25 09.12.43.000000 AM";"0107042";"0";"0";"";"";"Y"
"SA1";"OD";"004";"JL";"JLB";"JLBOD004";"Jalan Koleksi Utara OD004";"PJG";"1164";"MTR";"1164";"0";"0";"";"23-MAY-25 10.21.41.000000 AM";"0107042";"23-MAY-25 10.21.41.000000 AM";"0107042";"0";"0";"";"";"Y"
"SA1";"OD";"005";"JL";"JLB";"JLBOD005";"Jalan Koleksi Utara OD005";"PJG";"1141";"MTR";"1141";"0";"0";"";"05-JUN-25 09.53.11.000000 AM";"0107042";"05-JUN-25 09.53.11.000000 AM";"0107042";"0";"0";"";"";"Y"
"SA1";"OD";"006";"JL";"JLA";"JLAOD006";"Jalan Transport Timur OD006";"PJG";"253";"MTR";"253";"0";"0";"";"08-JUN-26 02.55.53.000000 PM";"0107042";"08-JUN-26 02.55.53.000000 PM";"0107042";"0";"0";"";"";"Y"
"SA1";"OD";"006";"JL";"JLB";"JLBOD006";"Jalan Koleksi Utara OD006";"PJG";"1012";"MTR";"1012";"0";"0";"WOWIF/SA1/202509/020012";"06-SEP-25 11.17.49.000000 AM";"0107042";"06-SEP-25 11.17.49.000000 AM";"0107042";"0";"0";"";"";"Y"
"SA1";"OD";"007";"JL";"JLB";"JLBOD007";"Jalan Koleksi Utara OD007";"PJG";"1002";"MTR";"1002";"0";"0";"WOWIF/SA1/202607/020119";"01-AUG-26 10.54.48.000000 AM";"0107042";"01-AUG-26 10.54.48.000000 AM";"0107042";"0";"0";"";"";"Y"
"SA1";"OD";"007";"JL";"JLE";"JLEOD007";"Jalan Utama OD007";"PJG";"258";"MTR";"258";"0";"0";"WOWIF/SA1/202607/020034";"08-JUL-26 08.07.29.000000 AM";"0107042";"08-JUL-26 08.07.29.000000 AM";"0107042";"0";"0";"";"";"Y"
"SA1";"OD";"008";"JL";"JLA";"JLAOD008";"Jalan Transport Timur OD008";"PJG";"267";"MTR";"267";"0";"0";"WOWIF/SA1/202608/020037";"12-AUG-26 08.23.00.000000 AM";"0107042";"12-AUG-26 08.23.00.000000 AM";"0107042";"0";"0";"";"";"Y"
"SA1";"OD";"008";"JL";"JLB";"JLBOD008";"Jalan Koleksi Utara OD008";"PJG";"1254";"MTR";"1254";"0";"0";"WOWIF/SA1/202507/020025";"05-JUL-25 09.33.27.000000 AM";"0107042";"05-JUL-25 09.33.27.000000 AM";"0107042";"0";"0";"";"";"Y"
"SA1";"OD";"009";"JL";"JLA";"JLAOD009";"Jalan Transport Timur OD009";"PJG";"247";"MTR";"247";"0";"0";"WOWIF/SA1/202607/020048";"09-JUL-26 08.18.18.000000 AM";"0107042";"09-JUL-26 08.18.18.000000 AM";"0107042";"0";"0";"";"";"Y"
"SA1";"OD";"009";"JL";"JLB";"JLBOD009";"Jalan Koleksi Utara OD009";"PJG";"1257";"MTR";"1227";"30";"0";"";"30-MAR-26 11.24.53.000000 AM";"0107042";"30-MAR-26 11.24.53.000000 AM";"0107042";"0";"0";"";"";"Y"
"SA1";"OD";"010";"JL";"JLB";"JLBOD010";"Jalan Koleksi Utara OD010";"PJG";"997";"MTR";"997";"0";"0";"WOWIF/SA1/202602/020030";"21-FEB-26 07.42.52.000000 AM";"0107042";"21-FEB-26 07.42.52.000000 AM";"0107042";"0";"0";"";"";"Y"
"SA1";"OD";"010";"JL";"JLE";"JLEOD010";"Jalan Utama OD010";"PJG";"238";"MTR";"223";"15";"0";"";"08-JUN-26 03.10.29.000000 PM";"0107042";"08-JUN-26 03.10.29.000000 PM";"0107042";"0";"0";"";"";"Y"
"SA1";"OD";"011";"JL";"JLA";"JLAOD011";"Jalan Transport Timur OD011";"PJG";"251";"MTR";"251";"0";"0";"";"23-MAY-25 10.23.29.000000 AM";"0107042";"23-MAY-25 10.23.29.000000 AM";"0107042";"0";"0";"";"";"Y"
"SA1";"OD";"011";"JL";"JLB";"JLBOD011";"Jalan Koleksi Utara OD011";"PJG";"1011";"MTR";"931";"80";"0";"";"05-JAN-26 12.02.15.000000 PM";"0107042";"05-JAN-26 12.24.20.000000 PM";"0107042";"0";"0";"";"";"Y"
"SA1";"OD";"012";"JL";"JLB";"JLBOD012";"Jalan Koleksi Utara OD012";"PJG";"1168";"MTR";"1168";"0";"0";"";"19-FEB-24 02.11.41.000000 PM";"0107042";"19-FEB-24 02.11.41.000000 PM";"0107042";"0";"0";"";"";"Y"
"SA1";"OD";"013";"JL";"JLB";"JLBOD013";"Jalan Koleksi Utara OD013";"PJG";"1171";"MTR";"1171";"0";"0";"WOWIF/SA1/202601/020106";"28-JAN-26 03.05.48.000000 PM";"0107042";"28-JAN-26 03.05.48.000000 PM";"0107042";"0";"0";"";"";"Y"
"SA1";"OD";"013";"JL";"JLF";"JLFOD013a";"Jalan Koleksi Dalam OD013";"PJG";"336";"MTR";"336";"0";"0";"";"05-APR-23 10.00.00.000000 AM";"SYSTEM";"05-APR-23 10.00.00.000000 AM";"";"";"";"";"";"N"
"SA1";"OD";"014";"JL";"JLA";"JLAOD014";"Jalan Transport Timur OD014";"PJG";"249";"MTR";"249";"0";"0";"";"08-JUN-26 03.13.03.000000 PM";"0107042";"08-JUN-26 03.13.03.000000 PM";"0107042";"0";"0";"";"";"Y"
"SA1";"OD";"014";"JL";"JLB";"JLBOD014";"Jalan Koleksi Utara OD014";"PJG";"700";"MTR";"640";"60";"0";"";"02-SEP-25 09.21.32.000000 AM";"0107042";"02-SEP-25 09.21.32.000000 AM";"0107042";"0";"0";"";"";"Y"
"SA1";"OD";"015";"JL";"JLB";"JLBOD015";"Jalan Koleksi Utara OD015";"PJG";"993";"MTR";"993";"0";"0";"WOWIF/SA1/202602/020031";"21-FEB-26 07.43.42.000000 AM";"0107042";"21-FEB-26 07.43.42.000000 AM";"0107042";"0";"0";"";"";"Y"
"SA1";"OD";"015";"JL";"JLE";"JLEOD015";"Jalan Utama OD015";"PJG";"456";"MTR";"436";"20";"0";"";"08-JUN-26 03.14.15.000000 PM";"0107042";"08-JUN-26 03.14.15.000000 PM";"0107042";"0";"0";"";"";"Y"
"SA1";"OD";"016";"JL";"JLA";"JLAOD016";"Jalan Transport Timur OD016";"PJG";"240";"MTR";"240";"0";"0";"WOWIF/SA1/202607/020047";"09-JUL-26 08.19.08.000000 AM";"0107042";"09-JUL-26 08.19.08.000000 AM";"0107042";"0";"0";"";"";"Y"
"SA1";"OD";"016";"JL";"JLB";"JLBOD016";"Jalan Koleksi Utara OD016";"PJG";"1258";"MTR";"1258";"0";"0";"WOWIF/SA1/202607/020062";"09-JUL-26 08.17.37.000000 AM";"0107042";"09-JUL-26 08.17.37.000000 AM";"0107042";"0";"0";"";"";"Y"
"SA1";"OD";"017";"JL";"JLA";"JLAOD017";"Jalan Transport Timur OD017";"PJG";"243";"MTR";"243";"0";"0";"WOWIF/SA1/202607/020046";"09-JUL-26 08.19.51.000000 AM";"0107042";"09-JUL-26 08.19.51.000000 AM";"0107042";"0";"0";"";"";"Y"
"SA1";"OD";"017";"JL";"JLB";"JLBOD017";"Jalan Koleksi Utara OD017";"PJG";"1255";"MTR";"1195";"60";"0";"";"08-JUL-26 07.54.13.000000 AM";"0107042";"08-JUL-26 08.07.39.000000 AM";"0107042";"0";"0";"";"";"Y"
"SA1";"OD";"018";"JL";"JLB";"JLBOD018";"Jalan Koleksi Utara OD018";"PJG";"676";"MTR";"676";"0";"0";"";"08-JUN-26 03.18.44.000000 PM";"0107042";"08-JUN-26 03.18.44.000000 PM";"0107042";"0";"0";"";"";"Y"
"SA1";"OD";"018";"JL";"JLE";"JLEOD018";"Jalan Utama OD018";"PJG";"490";"MTR";"490";"0";"0";"";"09-JAN-24 09.27.06.000000 AM";"0107042";"09-JAN-24 09.27.06.000000 AM";"0107042";"0";"0";"";"";"Y"
"SA1";"OD";"019";"JL";"JLA";"JLAOD019";"Jalan Transport Timur OD019";"PJG";"250";"MTR";"250";"0";"0";"";"08-JUN-26 03.28.23.000000 PM";"0107042";"08-JUN-26 03.28.23.000000 PM";"0107042";"0";"0";"";"";"Y"
"SA1";"OD";"019";"JL";"JLB";"JLBOD019";"Jalan Koleksi Utara OD019";"PJG";"1000";"MTR";"960";"40";"0";"";"26-MAR-26 12.30.26.000000 PM";"0107042";"26-MAR-26 12.30.26.000000 PM";"0107042";"0";"0";"";"";"Y"
"SA1";"OD";"020";"JL";"JLB";"JLBOD020";"Jalan Koleksi Utara OD020";"PJG";"1167";"MTR";"1167";"0";"0";"";"21-JUN-25 10.26.20.000000 AM";"0107042";"21-JUN-25 10.26.20.000000 AM";"0107042";"0";"0";"";"";"Y"
"SA1";"OD";"020";"JL";"JLF";"JLFOD020a";"Jalan Koleksi Dalam OD020";"PJG";"261";"MTR";"261";"0";"0";"";"05-APR-23 10.00.00.000000 AM";"SYSTEM";"05-APR-23 10.00.00.000000 AM";"";"";"";"";"";"N"
"SA1";"OD";"OD013";"JL";"JLF";"JLFOD013";"Jalan Koleksi Dalam OD013";"PJG";"336";"MTR";"336";"0";"0";"";"08-JUN-26 03.12.27.000000 PM";"0107042";"08-JUN-26 03.12.27.000000 PM";"0107042";"0";"0";"DATAR";"";"Y"
"SA1";"OD";"OD020";"JL";"JLF";"JLFOD020";"Jalan Koleksi Dalam OD020";"PJG";"261";"MTR";"241";"20";"0";"";"08-JUN-26 03.19.44.000000 PM";"0107042";"08-JUN-26 03.19.44.000000 PM";"0107042";"0";"0";"DATAR";"";"Y"
"SA1";"OE";"001";"JL";"JLA";"JLAOE001";"Jalan Transport Timur OE001";"PJG";"313";"MTR";"313";"0";"0";"WOWIF/SA1/202607/020045";"09-JUL-26 08.20.31.000000 AM";"0107042";"09-JUL-26 08.20.31.000000 AM";"0107042";"0";"0";"";"";"Y"
"SA1";"OE";"001";"JL";"JLB";"JLBOE001";"Jalan Koleksi Utara OE001";"PJG";"1259";"MTR";"1179";"80";"0";"";"22-FEB-25 01.02.25.000000 PM";"0107042";"22-FEB-25 01.02.25.000000 PM";"0107042";"0";"0";"";"";"Y"
"SA1";"OE";"002";"JL";"JLB";"JLBOE002";"Jalan Koleksi Utara OE002";"PJG";"989";"MTR";"989";"0";"0";"WOWIF/SA1/202607/020112";"30-JUL-26 07.54.20.000000 AM";"0107042";"30-JUL-26 07.54.20.000000 AM";"0107042";"0";"0";"";"";"Y"
"SA1";"OE";"002";"JL";"JLE";"JLEOE002";"Jalan Utama OE002";"PJG";"290";"MTR";"250";"40";"0";"";"26-JUN-26 02.23.18.000000 PM";"0107042";"26-JUN-26 02.23.18.000000 PM";"0107042";"0";"0";"";"";"Y"
"SA1";"OE";"003";"JL";"JLA";"JLAOE003";"Jalan Transport Timur OE003";"PJG";"270";"MTR";"270";"0";"0";"";"10-JUN-26 07.58.42.000000 PM";"0107042";"10-JUN-26 07.58.42.000000 PM";"0107042";"0";"0";"";"";"Y"
"SA1";"OE";"003";"JL";"JLB";"JLBOE003";"Jalan Koleksi Utara OE003";"PJG";"1013";"MTR";"933";"80";"0";"";"26-JUN-26 10.17.28.000000 AM";"0107042";"26-JUN-26 10.17.28.000000 AM";"0107042";"0";"0";"";"";"Y"
"SA1";"OE";"004";"JL";"JLB";"JLBOE004";"Jalan Koleksi Utara OE004";"PJG";"1173";"MTR";"1103";"70";"0";"";"26-JUN-26 10.18.08.000000 AM";"0107042";"26-JUN-26 10.18.08.000000 AM";"0107042";"0";"0";"";"";"Y"
"SA1";"OE";"004";"JL";"JLF";"JLFOE004a";"Jalan Koleksi Dalam OE004";"PJG";"261";"MTR";"261";"0";"0";"";"05-APR-23 10.00.00.000000 AM";"SYSTEM";"05-APR-23 10.00.00.000000 AM";"";"";"";"";"";"N"
"SA1";"OE";"005";"JL";"JLB";"JLBOE005";"Jalan Koleksi Utara OE005";"PJG";"1171";"MTR";"1171";"0";"0";"WOWIF/SA1/202607/020116";"31-JUL-26 09.31.03.000000 AM";"0107042";"31-JUL-26 09.31.03.000000 AM";"0107042";"0";"0";"";"";"Y"
"SA1";"OE";"005";"JL";"JLF";"JLFOE005a";"Jalan Koleksi Dalam OE005";"PJG";"265";"MTR";"265";"0";"0";"";"05-APR-23 10.00.00.000000 AM";"SYSTEM";"05-APR-23 10.00.00.000000 AM";"";"";"";"";"";"N"
"SA1";"OE";"006";"JL";"JLA";"JLAOE006";"Jalan Transport Timur OE006";"PJG";"228";"MTR";"228";"0";"0";"";"05-JUN-25 09.53.55.000000 AM";"0107042";"05-JUN-25 09.53.55.000000 AM";"0107042";"0";"0";"";"";"Y"
"SA1";"OE";"006";"JL";"JLB";"JLBOE006";"Jalan Koleksi Utara OE006";"PJG";"1011";"MTR";"1011";"0";"0";"WOWIF/SA1/202601/020108";"30-JAN-26 10.45.12.000000 AM";"1060291";"30-JAN-26 10.45.12.000000 AM";"1060291";"0";"0";"";"";"Y"
"SA1";"OE";"007";"JL";"JLB";"JLBOE007";"Jalan Koleksi Utara OE007";"PJG";"1080";"MTR";"1080";"0";"0";"WOWIF/SA1/202601/020109";"30-JAN-26 10.44.28.000000 AM";"1060291";"30-JAN-26 10.44.28.000000 AM";"1060291";"0";"0";"";"";"Y"
"SA1";"OE";"007";"JL";"JLE";"JLEOE007";"Jalan Utama OE007";"PJG";"218";"MTR";"168";"50";"0";"";"08-MAR-25 10.51.14.000000 AM";"0107042";"08-MAR-25 10.51.14.000000 AM";"0107042";"0";"0";"";"";"Y"
"SA1";"OE";"008";"JL";"JLA";"JLAOE008";"Jalan Transport Timur OE008";"PJG";"230";"MTR";"190";"40";"0";"";"10-JUN-26 08.01.23.000000 PM";"0107042";"10-JUN-26 08.01.23.000000 PM";"0107042";"0";"0";"";"";"Y"
"SA1";"OE";"008";"JL";"JLB";"JLBOE008";"Jalan Koleksi Utara OE008";"PJG";"1175";"MTR";"1175";"0";"0";"";"28-OCT-23 09.27.05.000000 AM";"0107042";"28-OCT-23 09.27.05.000000 AM";"0107042";"0";"0";"";"";"Y"
"SA1";"OE";"008";"JL";"JLD";"JLDOE008";"Jalan Koleksi Selatan OE008";"PJG";"1063";"MTR";"1063";"0";"0";"";"05-APR-23 10.00.00.000000 AM";"SYSTEM";"05-APR-23 10.00.00.000000 AM";"";"";"";"";"";"N"
"SA1";"OE";"009";"JL";"JLB";"JLBOE009";"Jalan Koleksi Utara OE009";"PJG";"1090";"MTR";"1060";"30";"0";"";"20-FEB-26 08.30.36.000000 AM";"0107042";"20-FEB-26 08.30.36.000000 AM";"0107042";"0";"0";"";"";"Y"
"SA1";"OE";"009";"JL";"JLE";"JLEOE009";"Jalan Utama OE009";"PJG";"281";"MTR";"281";"0";"0";"WOWIF/SA1/202606/020089";"30-JUN-26 08.23.25.000000 AM";"0107042";"30-JUN-26 08.23.25.000000 AM";"0107042";"0";"0";"";"";"Y"
"SA1";"OE";"010";"JL";"JLA";"JLAOE010";"Jalan Transport Timur OE010";"PJG";"267";"MTR";"267";"0";"0";"";"10-JUN-26 07.59.34.000000 PM";"0107042";"10-JUN-26 07.59.34.000000 PM";"0107042";"0";"0";"";"";"Y"
"SA1";"OE";"010";"JL";"JLB";"JLBOE010";"Jalan Koleksi Utara OE010";"PJG";"1009";"MTR";"1009";"0";"0";"WOGIF/SA1/202507/020220";"24-JUL-25 08.16.08.000000 AM";"0107042";"24-JUL-25 08.16.08.000000 AM";"0107042";"0";"0";"";"";"Y"
"SA1";"OE";"011";"JL";"JLA";"JLAOE011";"Jalan Transport Timur OE011";"PJG";"246";"MTR";"246";"0";"0";"";"05-APR-23 10.00.00.000000 AM";"SYSTEM";"05-APR-23 10.00.00.000000 AM";"";"";"";"";"";"N"
"SA1";"OE";"011";"JL";"JLB";"JLBOE011";"Jalan Koleksi Utara OE011";"PJG";"1167";"MTR";"1137";"30";"0";"";"10-JUN-26 08.02.53.000000 PM";"0107042";"10-JUN-26 08.02.53.000000 PM";"0107042";"0";"0";"";"";"Y"
"SA1";"OE";"012";"JL";"JLA";"JLAOE012";"Jalan Transport Timur OE012";"PJG";"270";"MTR";"270";"0";"0";"";"05-APR-23 10.00.00.000000 AM";"SYSTEM";"05-APR-23 10.00.00.000000 AM";"";"";"";"";"";"N"
"SA1";"OE";"012";"JL";"JLB";"JLBOE012";"Jalan Koleksi Utara OE012";"PJG";"1166";"MTR";"1166";"0";"0";"WOWIF/SA1/202507/020083";"21-JUL-25 10.44.45.000000 AM";"0107042";"21-JUL-25 10.44.45.000000 AM";"0107042";"0";"0";"";"";"Y"
"SA1";"OE";"013";"JL";"JLA";"JLAOE013";"Jalan Transport Timur OE013";"PJG";"249";"MTR";"249";"0";"0";"";"10-JUN-26 08.03.44.000000 PM";"0107042";"10-JUN-26 08.03.44.000000 PM";"0107042";"0";"0";"";"";"Y"
"SA1";"OE";"013";"JL";"JLB";"JLBOE013";"Jalan Koleksi Utara OE013";"PJG";"1006";"MTR";"946";"60";"0";"";"18-MAY-26 10.18.42.000000 AM";"0107042";"18-MAY-26 10.18.42.000000 AM";"0107042";"0";"0";"";"";"Y"
"SA1";"OE";"014";"JL";"JLB";"JLBOE014";"Jalan Koleksi Utara OE014";"PJG";"1094";"MTR";"1094";"0";"0";"WOWIF/SA1/202606/020033";"15-JUN-26 09.04.05.000000 AM";"0107042";"15-JUN-26 09.04.05.000000 AM";"0107042";"0";"0";"";"";"Y"
"SA1";"OE";"014";"JL";"JLE";"JLEOE014";"Jalan Utama OE014";"PJG";"216";"MTR";"216";"0";"0";"WOWIF/SA1/202606/020088";"30-JUN-26 08.22.45.000000 AM";"0107042";"30-JUN-26 08.22.45.000000 AM";"0107042";"0";"0";"";"";"Y"
"SA1";"OE";"015";"JL";"JLB";"JLBOE015";"Jalan Koleksi Utara OE015";"PJG";"1007";"MTR";"967";"40";"0";"";"09-SEP-25 10.49.29.000000 AM";"0107042";"09-SEP-25 10.49.29.000000 AM";"0107042";"0";"0";"";"";"Y"
"SA1";"OE";"015";"JL";"JLE";"JLEOE015";"Jalan Utama OE015";"PJG";"257";"MTR";"257";"0";"0";"WOWIF/SA1/202606/020087";"30-JUN-26 08.21.54.000000 AM";"0107042";"30-JUN-26 08.21.54.000000 AM";"0107042";"0";"0";"";"";"Y"
"SA1";"OE";"016";"JL";"JLA";"JLAOE016";"Jalan Transport Timur OE016";"PJG";"250";"MTR";"250";"0";"0";"";"10-JUN-26 08.05.20.000000 PM";"0107042";"10-JUN-26 08.05.20.000000 PM";"0107042";"0";"0";"";"";"Y"
"SA1";"OE";"016";"JL";"JLB";"JLBOE016";"Jalan Koleksi Utara OE016";"PJG";"1163";"MTR";"1163";"0";"0";"";"10-JUN-26 08.06.27.000000 PM";"0107042";"10-JUN-26 08.06.27.000000 PM";"0107042";"0";"0";"";"";"Y"
"SA1";"OE";"017";"JL";"JLA";"JLAOE017";"Jalan Transport Timur OE017";"PJG";"245";"MTR";"245";"0";"0";"";"05-APR-23 10.00.00.000000 AM";"SYSTEM";"05-APR-23 10.00.00.000000 AM";"";"";"";"";"";"N"
"SA1";"OE";"017";"JL";"JLB";"JLBOE017";"Jalan Koleksi Utara OE017";"PJG";"1163";"MTR";"1163";"0";"0";"WOWIF/SA1/202606/020031";"15-JUN-26 09.02.44.000000 AM";"0107042";"15-JUN-26 09.02.44.000000 AM";"0107042";"0";"0";"";"";"Y"
"SA1";"OE";"018";"JL";"JLA";"JLAOE018";"Jalan Transport Timur OE018";"PJG";"244";"MTR";"244";"0";"0";"";"05-APR-23 10.00.00.000000 AM";"SYSTEM";"05-APR-23 10.00.00.000000 AM";"";"";"";"";"";"N"
"SA1";"OE";"018";"JL";"JLB";"JLBOE018";"Jalan Koleksi Utara OE018";"PJG";"1004";"MTR";"1004";"0";"0";"WOWIF/SA1/202507/020084";"21-JUL-25 10.45.27.000000 AM";"0107042";"21-JUL-25 10.45.27.000000 AM";"0107042";"0";"0";"";"";"Y"
"SA1";"OE";"019";"JL";"JLA";"JLAOE019";"Jalan Transport Timur OE019";"PJG";"261";"MTR";"261";"0";"0";"";"10-JUN-26 08.07.35.000000 PM";"0107042";"10-JUN-26 08.07.35.000000 PM";"0107042";"0";"0";"";"";"Y"
"SA1";"OE";"019";"JL";"JLB";"JLBOE019";"Jalan Koleksi Utara OE019";"PJG";"1101";"MTR";"1101";"0";"0";"WOWIF/SA1/202607/020098";"25-JUL-26 05.19.49.000000 AM";"0107042";"25-JUL-26 05.19.49.000000 AM";"0107042";"0";"0";"";"";"Y"
"SA1";"OE";"020";"JL";"JLB";"JLBOE020";"Jalan Koleksi Utara OE020";"PJG";"1102";"MTR";"1102";"0";"0";"";"29-MAY-24 09.59.21.000000 AM";"0107042";"29-MAY-24 09.59.21.000000 AM";"0107042";"0";"0";"";"";"Y"
"SA1";"OE";"020";"JL";"JLE";"JLEOE020";"Jalan Utama OE020";"PJG";"264";"MTR";"264";"0";"0";"WOWIF/SA1/202606/020086";"30-JUN-26 08.21.08.000000 AM";"0107042";"30-JUN-26 08.21.08.000000 AM";"0107042";"0";"0";"";"";"Y"
"SA1";"OE";"021";"JL";"JLB";"JLBOE021";"Jalan Koleksi Utara OE021";"PJG";"1122";"MTR";"1082";"40";"0";"";"13-NOV-24 08.46.02.000000 AM";"0107042";"13-NOV-24 08.46.02.000000 AM";"0107042";"0";"0";"";"";"Y"
"SA1";"OE";"021";"JL";"JLE";"JLEOE021";"Jalan Utama OE021";"PJG";"267";"MTR";"267";"0";"0";"WOWIF/SA1/202606/020085";"30-JUN-26 08.19.24.000000 AM";"0107042";"30-JUN-26 08.19.24.000000 AM";"0107042";"0";"0";"";"";"Y"
"SA1";"OE";"022";"JL";"JLA";"JLAOE022";"Jalan Transport Timur OE022";"PJG";"235";"MTR";"235";"0";"0";"";"10-JUN-26 08.10.45.000000 PM";"0107042";"10-JUN-26 08.10.45.000000 PM";"0107042";"0";"0";"";"";"Y"
"SA1";"OE";"022";"JL";"JLB";"JLBOE022";"Jalan Koleksi Utara OE022";"PJG";"1006";"MTR";"1006";"0";"0";"WOWIF/SA1/202606/020032";"15-JUN-26 09.01.06.000000 AM";"0107042";"15-JUN-26 09.01.06.000000 AM";"0107042";"0";"0";"";"";"Y"
"SA1";"OE";"023";"JL";"JLA";"JLAOE023";"Jalan Transport Timur OE023";"PJG";"253";"MTR";"253";"0";"0";"";"05-APR-23 10.00.00.000000 AM";"SYSTEM";"05-APR-23 10.00.00.000000 AM";"";"";"";"";"";"N"
"SA1";"OE";"023";"JL";"JLB";"JLBOE023";"Jalan Koleksi Utara OE023";"PJG";"1165";"MTR";"1085";"80";"0";"";"19-JUN-26 09.06.35.000000 AM";"0107042";"19-JUN-26 09.06.35.000000 AM";"0107042";"0";"0";"";"";"Y"
"SA1";"OE";"OE004";"JL";"JLF";"JLFOE004";"Jalan Koleksi Dalam OE004";"";"";"";"";"";"";"";"";"";"";"";"";"";"DATAR";"";"Y"
"SA1";"OE";"OE005";"JL";"JLF";"JLFOE005";"Jalan Koleksi Dalam OE005";"";"";"";"";"";"";"";"";"";"";"";"";"";"DATAR";"";"Y"
"SA1";"OF";"001";"JL";"JLB";"JLBOF001";"Jalan Koleksi Utara OF001";"PJG";"1122";"MTR";"1122";"0";"0";"WOWIF/SA1/202608/020009";"05-AUG-26 06.25.40.000000 AM";"0107042";"05-AUG-26 06.25.40.000000 AM";"0107042";"0";"0";"";"";"Y"
"SA1";"OF";"001";"JL";"JLE";"JLEOF001";"Jalan Utama OF001";"PJG";"264";"MTR";"264";"0";"0";"WOWIF/SA1/202606/020084";"30-JUN-26 08.19.55.000000 AM";"0107042";"30-JUN-26 08.19.55.000000 AM";"0107042";"0";"0";"";"";"Y"
"SA1";"OF";"002";"JL";"JLA";"JLAOF002";"Jalan Transport Timur OF002";"PJG";"249";"MTR";"249";"0";"0";"";"24-SEP-24 08.42.39.000000 AM";"0107042";"24-SEP-24 08.42.39.000000 AM";"0107042";"0";"0";"";"";"Y"
"SA1";"OF";"002";"JL";"JLB";"JLBOF002";"Jalan Koleksi Utara OF002";"PJG";"1004";"MTR";"1004";"0";"0";"WOWIF/SA1/202608/020010";"05-AUG-26 06.26.41.000000 AM";"0107042";"05-AUG-26 06.26.41.000000 AM";"0107042";"0";"0";"";"";"Y"
"SA1";"OF";"003";"JL";"JLA";"JLAOF003";"Jalan Transport Timur OF003";"PJG";"243";"MTR";"243";"0";"0";"";"05-APR-23 10.00.00.000000 AM";"SYSTEM";"05-APR-23 10.00.00.000000 AM";"";"";"";"";"";"N"
"SA1";"OF";"003";"JL";"JLB";"JLBOF003";"Jalan Koleksi Utara OF003";"PJG";"1164";"MTR";"1164";"0";"0";"WOWIF/SA1/202607/020099";"25-JUL-26 05.20.30.000000 AM";"0107042";"25-JUL-26 05.20.30.000000 AM";"0107042";"0";"0";"";"";"Y"
"SA1";"OF";"004";"JL";"JLA";"JLAOF004";"Jalan Transport Timur OF004";"PJG";"260";"MTR";"260";"0";"0";"";"05-APR-23 10.00.00.000000 AM";"SYSTEM";"05-APR-23 10.00.00.000000 AM";"";"";"";"";"";"N"
"SA1";"OF";"004";"JL";"JLB";"JLBOF004";"Jalan Koleksi Utara OF004";"PJG";"1164";"MTR";"1164";"0";"0";"WOWIF/SA1/202608/020011";"05-AUG-26 06.27.49.000000 AM";"0107042";"05-AUG-26 06.27.49.000000 AM";"0107042";"0";"0";"";"";"Y"
"SA1";"OF";"005";"JL";"JLA";"JLAOF005";"Jalan Transport Timur OF005";"PJG";"258";"MTR";"258";"0";"0";"";"05-APR-23 10.00.00.000000 AM";"SYSTEM";"05-APR-23 10.00.00.000000 AM";"";"";"";"";"";"Y"
"SA1";"OF";"005";"JL";"JLB";"JLBOF005";"Jalan Koleksi Utara OF005";"PJG";"1005";"MTR";"935";"70";"0";"";"05-JAN-26 12.02.56.000000 PM";"0107042";"05-JAN-26 12.24.20.000000 PM";"0107042";"0";"0";"";"";"Y"
"SA1";"OF";"006";"JL";"JLB";"JLBOF006";"Jalan Koleksi Utara OF006";"PJG";"1137";"MTR";"1117";"20";"0";"WOWIF/SA1/202607/020059";"15-JUL-26 10.12.30.000000 AM";"0107042";"15-JUL-26 10.12.30.000000 AM";"0107042";"0";"0";"";"";"Y"
"SA1";"OF";"006";"JL";"JLE";"JLEOF006";"Jalan Utama OF006";"PJG";"226";"MTR";"226";"0";"0";"WOWIF/SA1/202606/020083";"30-JUN-26 08.18.31.000000 AM";"0107042";"30-JUN-26 08.18.31.000000 AM";"0107042";"0";"0";"";"";"Y"
"SA1";"OF";"007";"JL";"JLB";"JLBOF007";"Jalan Koleksi Utara OF007";"PJG";"1143";"MTR";"1143";"0";"0";"";"12-JUN-26 08.42.55.000000 PM";"0107042";"12-JUN-26 08.42.55.000000 PM";"0107042";"0";"0";"";"";"Y"
"SA1";"OF";"007";"JL";"JLE";"JLEOF007";"Jalan Utama OF007";"PJG";"265";"MTR";"265";"0";"0";"WOWIF/SA1/202606/020082";"30-JUN-26 08.11.33.000000 AM";"0107042";"30-JUN-26 08.11.33.000000 AM";"0107042";"0";"0";"";"";"Y"
"SA1";"OF";"008";"JL";"JLA";"JLAOF008";"Jalan Transport Timur OF008";"PJG";"235";"MTR";"235";"0";"0";"";"12-JUN-26 08.44.00.000000 PM";"0107042";"12-JUN-26 08.44.00.000000 PM";"0107042";"0";"0";"";"";"Y"
"SA1";"OF";"008";"JL";"JLB";"JLBOF008";"Jalan Koleksi Utara OF008";"PJG";"1003";"MTR";"1003";"0";"0";"WOWIF/SA1/202506/020187";"10-JUL-25 09.53.58.000000 AM";"0107042";"10-JUL-25 09.53.58.000000 AM";"0107042";"0";"0";"";"";"Y"
"SA1";"OF";"009";"JL";"JLA";"JLAOF009";"Jalan Transport Timur OF009";"PJG";"224";"MTR";"224";"0";"0";"";"05-APR-23 10.00.00.000000 AM";"SYSTEM";"05-APR-23 10.00.00.000000 AM";"";"";"";"";"";"N"
"SA1";"OF";"009";"JL";"JLB";"JLBOF009";"Jalan Koleksi Utara OF009";"PJG";"1159";"MTR";"1159";"0";"0";"WOWIF/SA1/202607/020100";"25-JUL-26 05.21.13.000000 AM";"0107042";"25-JUL-26 05.21.13.000000 AM";"0107042";"0";"0";"";"";"Y"
"SA1";"OF";"010";"JL";"JLA";"JLAOF010";"Jalan Transport Timur OF010";"PJG";"269";"MTR";"269";"0";"0";"";"05-APR-23 10.00.00.000000 AM";"SYSTEM";"05-APR-23 10.00.00.000000 AM";"";"";"";"";"";"N"
"SA1";"OF";"010";"JL";"JLB";"JLBOF010";"Jalan Koleksi Utara OF010";"PJG";"1160";"MTR";"1120";"40";"0";"WOWIF/SA1/202608/020003";"03-AUG-26 07.48.37.000000 AM";"0107042";"03-AUG-26 07.48.37.000000 AM";"0107042";"0";"0";"";"";"Y"
"SA1";"OF";"010";"JL";"JLD";"JLDOF010";"Jalan Koleksi Selatan OF010";"PJG";"1161";"MTR";"1041";"120";"0";"";"20-FEB-25 10.21.01.000000 AM";"0107042";"20-FEB-25 10.21.01.000000 AM";"0107042";"0";"0";"";"";"Y"
"SA1";"OF";"011";"JL";"JLA";"JLAOF011";"Jalan Transport Timur OF011";"PJG";"252";"MTR";"252";"0";"0";"";"12-JUN-26 08.44.56.000000 PM";"0107042";"12-JUN-26 08.44.56.000000 PM";"0107042";"0";"0";"";"";"Y"
"SA1";"OF";"011";"JL";"JLB";"JLBOF011";"Jalan Koleksi Utara OF011";"PJG";"1011";"MTR";"1011";"0";"0";"WOGIF/SA1/202507/020234";"25-JUL-25 08.59.58.000000 AM";"0107042";"25-JUL-25 08.59.58.000000 AM";"0107042";"0";"0";"";"";"Y"
"SA1";"OF";"012";"JL";"JLC";"JLCOF012";"Jalan Transport Barat OF012";"PJG";"237";"MTR";"237";"0";"0";"";"09-SEP-24 10.00.27.000000 AM";"0107042";"09-SEP-24 10.00.27.000000 AM";"0107042";"0";"0";"";"";"Y"
"SA1";"OF";"012";"JL";"JLE";"JLEOF012a";"Jalan Utama OF012";"PJG";"1149";"MTR";"1029";"0";"0";"";"26-JUN-26 02.16.43.000000 PM";"0107042";"26-JUN-26 04.55.52.000000 PM";"0107042";"0";"0";"";"";"N"
"SA1";"OF";"012";"JL";"JLE";"JLEOF012b";"Jalan Utama OF012";"PJG";"234";"MTR";"234";"0";"0";"";"05-APR-23 10.00.00.000000 AM";"SYSTEM";"05-APR-23 10.00.00.000000 AM";"";"";"";"";"";"N"
"SA1";"OF";"013";"JL";"JLB";"JLBOF013";"Jalan Koleksi Utara OF013";"PJG";"1151";"MTR";"1151";"0";"0";"";"10-JAN-24 08.50.24.000000 AM";"0107042";"10-JAN-24 08.50.24.000000 AM";"0107042";"0";"0";"";"";"Y"
"SA1";"OF";"013";"JL";"JLC";"JLCOF013";"Jalan Transport Barat OF013";"PJG";"250";"MTR";"250";"0";"0";"";"09-SEP-24 10.01.03.000000 AM";"0107042";"09-SEP-24 10.01.03.000000 AM";"0107042";"0";"0";"";"";"Y"
"SA1";"OF";"013";"JL";"JLE";"JLEOF013";"Jalan Utama OF013";"PJG";"247";"MTR";"247";"0";"0";"";"12-JUN-26 08.46.55.000000 PM";"0107042";"12-JUN-26 08.46.55.000000 PM";"0107042";"0";"0";"";"";"Y"
"SA1";"OF";"014";"JL";"JLA";"JLAOF014";"Jalan Transport Timur OF014";"PJG";"247";"MTR";"247";"0";"0";"WOWIF/SA1/202606/020058";"17-JUN-26 06.56.25.000000 AM";"0107042";"17-JUN-26 06.56.25.000000 AM";"0107042";"0";"0";"";"";"Y"
"SA1";"OF";"014";"JL";"JLB";"JLBOF014";"Jalan Koleksi Utara OF014";"PJG";"1002";"MTR";"1002";"0";"0";"WOWIF/SA1/202607/020094";"24-JUL-26 06.35.58.000000 AM";"0107042";"24-JUL-26 06.35.58.000000 AM";"0107042";"0";"0";"";"";"Y"
"SA1";"OF";"015";"JL";"JLA";"JLAOF015";"Jalan Transport Timur OF015";"PJG";"253";"MTR";"253";"0";"0";"WOWIF/SA1/202606/020059";"17-JUN-26 06.58.24.000000 AM";"0107042";"17-JUN-26 06.58.24.000000 AM";"0107042";"0";"0";"";"";"Y"
"SA1";"OF";"015";"JL";"JLB";"JLBOF015";"Jalan Koleksi Utara OF015";"PJG";"1001";"MTR";"1001";"0";"0";"WOWIF/SA1/202607/020095";"24-JUL-26 06.36.34.000000 AM";"0107042";"24-JUL-26 06.36.34.000000 AM";"0107042";"0";"0";"";"";"Y"
"SA1";"OF";"016";"JL";"JLB";"JLBOF016";"Jalan Koleksi Utara OF016";"PJG";"1159";"MTR";"1109";"50";"0";"";"18-JUN-26 08.46.06.000000 AM";"0107042";"18-JUN-26 08.46.06.000000 AM";"0107042";"0";"0";"";"";"Y"
"SA1";"OF";"016";"JL";"JLC";"JLCOF016";"Jalan Transport Barat OF016";"PJG";"260";"MTR";"260";"0";"0";"";"12-JUN-26 08.48.23.000000 PM";"0107042";"12-JUN-26 08.48.23.000000 PM";"0107042";"0";"0";"";"";"Y"
"SA1";"OF";"016";"JL";"JLE";"JLEOF016";"Jalan Utama OF016";"PJG";"257";"MTR";"257";"0";"0";"WOWIF/SA1/202507/020040";"10-JUL-25 09.39.13.000000 AM";"0107042";"10-JUL-25 09.39.13.000000 AM";"0107042";"0";"0";"";"";"Y"
"SA1";"OF";"017";"JL";"JLB";"JLBOF017";"Jalan Koleksi Utara OF017";"PJG";"1162";"MTR";"1162";"0";"0";"WOWIF/SA1/202607/020096";"24-JUL-26 06.37.20.000000 AM";"0107042";"24-JUL-26 06.37.20.000000 AM";"0107042";"0";"0";"";"";"Y"
"SA1";"OF";"017";"JL";"JLC";"JLCOF017";"Jalan Transport Barat OF017";"PJG";"244";"MTR";"244";"0";"0";"";"12-JUN-26 08.49.09.000000 PM";"0107042";"12-JUN-26 08.49.09.000000 PM";"0107042";"0";"0";"";"";"Y"
"SA1";"OF";"017";"JL";"JLE";"JLEOF017";"Jalan Utama OF017";"PJG";"257";"MTR";"257";"0";"0";"";"12-JUN-26 08.49.56.000000 PM";"0107042";"12-JUN-26 08.49.56.000000 PM";"0107042";"0";"0";"";"";"Y"
"SA1";"OF";"018";"JL";"JLA";"JLAOF018";"Jalan Transport Timur OF018";"PJG";"261";"MTR";"261";"0";"0";"WOWIF/SA1/202606/020060";"17-JUN-26 06.59.06.000000 AM";"0107042";"17-JUN-26 06.59.06.000000 AM";"0107042";"0";"0";"";"";"Y"
"SA1";"OF";"018";"JL";"JLB";"JLBOF018";"Jalan Koleksi Utara OF018";"PJG";"999";"MTR";"974";"25";"0";"WOWIF/SA1/202608/020044";"14-AUG-26 06.41.01.000000 AM";"0107042";"14-AUG-26 06.41.01.000000 AM";"0107042";"0";"0";"";"";"Y"
"SA1";"OF";"019";"JL";"JLA";"JLAOF019";"Jalan Transport Timur OF019";"PJG";"252";"MTR";"252";"0";"0";"WOWIF/SA1/202606/020061";"17-JUN-26 06.59.43.000000 AM";"0107042";"17-JUN-26 06.59.43.000000 AM";"0107042";"0";"0";"";"";"Y"
"SA1";"OF";"019";"JL";"JLB";"JLBOF019";"Jalan Koleksi Utara OF019";"PJG";"999";"MTR";"999";"0";"0";"WOWIF/SA1/202606/020038";"13-JUN-26 11.51.39.000000 AM";"0107042";"13-JUN-26 11.51.39.000000 AM";"0107042";"0";"0";"";"";"Y"
"SA1";"OF";"019";"JL";"JLE";"JLEOF019";"Jalan Utama OF019";"PJG";"1002";"MTR";"1002";"0";"0";"WOWIF/SA1/202607/020060";"13-JUL-26 06.47.25.000000 AM";"0107042";"13-JUL-26 06.47.25.000000 AM";"0107042";"0";"0";"";"";"Y"
"SA1";"OF";"020";"JL";"JLB";"JLBOF020";"Jalan Koleksi Utara OF020";"PJG";"1163";"MTR";"1013";"150";"0";"";"12-JUN-26 10.51.19.000000 AM";"0107042";"12-JUN-26 10.51.19.000000 AM";"0107042";"0";"0";"";"";"Y"
"SA1";"OF";"020";"JL";"JLC";"JLCOF020";"Jalan Transport Barat OF020";"PJG";"273";"MTR";"273";"0";"0";"";"12-JUN-26 08.51.02.000000 PM";"0107042";"12-JUN-26 08.51.02.000000 PM";"0107042";"0";"0";"";"";"Y"
"SA1";"OF";"020";"JL";"JLD";"JLDOF020";"Jalan Koleksi Selatan OF020";"PJG";"1172";"MTR";"1172";"0";"0";"WOWIF/SA1/202607/020061";"13-JUL-26 06.48.09.000000 AM";"0107042";"13-JUL-26 06.48.09.000000 AM";"0107042";"0";"0";"";"";"Y"
"SA1";"OF";"020";"JL";"JLE";"JLEOF020";"Jalan Utama OF020";"PJG";"253";"MTR";"253";"0";"0";"";"12-JUN-26 08.51.55.000000 PM";"0107042";"12-JUN-26 08.51.55.000000 PM";"0107042";"0";"0";"";"";"Y"
"SA1";"OF";"OF012";"JL";"JLA";"JLAOF012";"Jalan Transport Timur OF012";"PJG";"1149";"MTR";"1149";"0";"0";"WOWIF/SA1/202606/020081";"30-JUN-26 08.10.55.000000 AM";"0107042";"30-JUN-26 08.10.55.000000 AM";"0107042";"0";"0";"ROLLING - 2";"";"Y"
"SA1";"OF";"OF012";"JL";"JLB";"JLBOF012";"Jalan Koleksi Utara OF012";"";"";"";"";"";"";"";"";"";"";"";"";"";"ROLLING - 2";"";"Y"
"SA1";"OG";"001";"JL";"JLA";"JLAOG001";"Jalan Transport Timur OG001";"PJG";"240";"MTR";"240";"0";"0";"";"05-APR-23 10.00.00.000000 AM";"SYSTEM";"05-APR-23 10.00.00.000000 AM";"";"";"";"";"";"Y"
"SA1";"OG";"001";"JL";"JLB";"JLBOG001";"Jalan Koleksi Utara OG001";"PJG";"958";"MTR";"958";"0";"0";"";"20-JUN-26 12.53.29.000000 PM";"0107042";"20-JUN-26 12.53.29.000000 PM";"0107042";"0";"0";"";"";"Y"
"SA1";"OG";"002";"JL";"JLA";"JLAOG002";"Jalan Transport Timur OG002";"PJG";"237";"MTR";"237";"0";"0";"WOWIF/SA1/202512/020021";"05-DEC-25 08.43.03.000000 AM";"0107042";"05-DEC-25 08.43.03.000000 AM";"0107042";"0";"0";"";"";"Y"
"SA1";"OG";"002";"JL";"JLB";"JLBOG002";"Jalan Koleksi Utara OG002";"PJG";"1011";"MTR";"1011";"0";"0";"WOWIF/SA1/202607/020082";"21-JUL-26 07.39.23.000000 AM";"0107042";"21-JUL-26 07.39.23.000000 AM";"0107042";"0";"0";"";"";"Y"
"SA1";"OG";"003";"JL";"JLB";"JLBOG003";"Jalan Koleksi Utara OG003";"PJG";"922";"MTR";"922";"0";"0";"WOWIF/SA1/202607/020086";"22-JUL-26 07.31.42.000000 AM";"0107042";"22-JUL-26 07.31.42.000000 AM";"0107042";"0";"0";"";"";"Y"
"SA1";"OG";"004";"JL";"JLB";"JLBOG004";"Jalan Koleksi Utara OG004";"PJG";"919";"MTR";"889";"30";"0";"";"02-MAR-26 03.18.48.000000 PM";"0107042";"02-MAR-26 03.18.48.000000 PM";"0107042";"0";"0";"";"";"Y"
"SA1";"OG";"005";"JL";"JLA";"JLAOG005";"Jalan Transport Timur OG005";"PJG";"286";"MTR";"286";"0";"0";"WOWIF/SA1/202512/020022";"05-DEC-25 08.44.09.000000 AM";"0107042";"05-DEC-25 08.44.09.000000 AM";"0107042";"0";"0";"";"";"Y"
"SA1";"OG";"005";"JL";"JLB";"JLBOG005";"Jalan Koleksi Utara OG005";"PJG";"1031";"MTR";"971";"60";"0";"";"21-MAY-26 06.47.07.000000 AM";"0107042";"21-MAY-26 06.47.07.000000 AM";"0107042";"0";"0";"";"";"Y"
"SA1";"OG";"006";"JL";"JLA";"JLAOG006";"Jalan Transport Timur OG006";"PJG";"300";"MTR";"300";"0";"0";"";"20-JUN-26 12.54.07.000000 PM";"0107042";"20-JUN-26 12.54.07.000000 PM";"0107042";"0";"0";"";"";"Y"
"SA1";"OG";"006";"JL";"JLB";"JLBOG006";"Jalan Koleksi Utara OG006";"PJG";"958";"MTR";"958";"0";"0";"WOWIF/SA1/202607/020023";"04-JUL-26 10.20.41.000000 AM";"0107042";"04-JUL-26 10.20.41.000000 AM";"0107042";"0";"0";"";"";"Y"
"SA1";"OG";"007";"JL";"JLB";"JLBOG007";"Jalan Koleksi Utara OG007";"PJG";"780";"MTR";"720";"60";"0";"";"29-JUL-26 06.47.17.000000 AM";"0107042";"29-JUL-26 06.47.17.000000 AM";"0107042";"0";"0";"";"";"Y"
"SA1";"OG";"007";"JL";"JLC";"JLCOG007";"Jalan Transport Barat OG007";"PJG";"250";"MTR";"250";"0";"0";"";"20-JUN-26 12.54.55.000000 PM";"0107042";"20-JUN-26 12.54.55.000000 PM";"0107042";"0";"0";"";"";"Y"
"SA1";"OG";"007";"JL";"JLE";"JLEOG007";"Jalan Utama OG007";"PJG";"310";"MTR";"310";"0";"0";"";"20-JUN-26 12.55.32.000000 PM";"0107042";"20-JUN-26 12.55.32.000000 PM";"0107042";"0";"0";"";"";"Y"
"SA1";"OG";"008";"JL";"JLA";"JLAOG008";"Jalan Transport Timur OG008";"PJG";"312";"MTR";"312";"0";"0";"";"20-JUN-26 12.56.06.000000 PM";"0107042";"20-JUN-26 12.56.06.000000 PM";"0107042";"0";"0";"";"";"Y"
"SA1";"OG";"008";"JL";"JLB";"JLBOG008";"Jalan Koleksi Utara OG008";"PJG";"1024";"MTR";"954";"70";"0";"";"28-JUL-26 12.58.39.000000 PM";"0107042";"28-JUL-26 12.58.39.000000 PM";"0107042";"0";"0";"";"";"Y"
"SA1";"OG";"009";"JL";"JLA";"JLAOG009";"Jalan Transport Timur OG009";"PJG";"268";"MTR";"268";"0";"0";"";"20-JUN-26 12.57.03.000000 PM";"0107042";"20-JUN-26 12.57.03.000000 PM";"0107042";"0";"0";"";"";"Y"
"SA1";"OG";"009";"JL";"JLB";"JLBOG009";"Jalan Koleksi Utara OG009";"PJG";"1008";"MTR";"1008";"0";"0";"WOWIF/SA1/202607/020097";"24-JUL-26 06.37.58.000000 AM";"0107042";"24-JUL-26 06.37.58.000000 AM";"0107042";"0";"0";"";"";"Y"
"SA1";"OG";"010";"JL";"JLB";"JLBOG010";"Jalan Koleksi Utara OG010";"PJG";"918";"MTR";"918";"0";"0";"WOWIF/SA1/202607/020110";"30-JUL-26 07.51.58.000000 AM";"0107042";"30-JUL-26 07.51.58.000000 AM";"0107042";"0";"0";"";"";"Y"
"SA1";"OG";"011";"JL";"JLA";"JLAOG011";"Jalan Transport Timur OG011";"PJG";"242";"MTR";"222";"20";"0";"";"07-MAY-25 08.59.37.000000 AM";"0107042";"07-MAY-25 08.59.37.000000 AM";"0107042";"0";"0";"";"";"Y"
"SA1";"OG";"011";"JL";"JLB";"JLBOG011";"Jalan Koleksi Utara OG011";"PJG";"1003";"MTR";"1003";"0";"0";"WOWIF/SA1/202606/020018";"08-JUN-26 08.21.40.000000 AM";"0107042";"08-JUN-26 08.21.40.000000 AM";"0107042";"0";"0";"";"";"Y"
"SA1";"OG";"012";"JL";"JLA";"JLAOG012";"Jalan Transport Timur OG012";"PJG";"251";"MTR";"231";"20";"0";"";"20-JUN-26 12.58.03.000000 PM";"0107042";"20-JUN-26 12.58.03.000000 PM";"0107042";"0";"0";"";"";"Y"
"SA1";"OG";"012";"JL";"JLE";"JLEOG012";"Jalan Utama OG012";"PJG";"1031";"MTR";"971";"60";"0";"";"29-JUL-26 06.56.45.000000 AM";"0107042";"29-JUL-26 06.56.45.000000 AM";"0107042";"0";"0";"";"";"Y"
"SA1";"OG";"013";"JL";"JLA";"JLAOG013";"Jalan Transport Timur OG013";"PJG";"267";"MTR";"267";"0";"0";"";"20-JUN-26 12.58.52.000000 PM";"0107042";"20-JUN-26 12.58.52.000000 PM";"0107042";"0";"0";"";"";"Y"
"SA1";"OG";"013";"JL";"JLB";"JLBOG013";"Jalan Koleksi Utara OG013";"PJG";"775";"MTR";"775";"0";"0";"WOWIF/SA1/202606/020077";"29-JUN-26 08.18.52.000000 AM";"0107042";"29-JUN-26 08.18.52.000000 AM";"0107042";"0";"0";"";"";"Y"
"SA1";"OG";"013";"JL";"JLC";"JLCOG013";"Jalan Transport Barat OG013";"PJG";"266";"MTR";"266";"0";"0";"";"20-JUN-26 12.59.51.000000 PM";"0107042";"20-JUN-26 12.59.51.000000 PM";"0107042";"0";"0";"";"";"Y"
"SA1";"OG";"014";"JL";"JLA";"JLAOG014";"Jalan Transport Timur OG014";"PJG";"250";"MTR";"250";"0";"0";"";"20-JUN-26 01.00.42.000000 PM";"0107042";"20-JUN-26 01.00.42.000000 PM";"0107042";"0";"0";"";"";"Y"
"SA1";"OG";"014";"JL";"JLB";"JLBOG014";"Jalan Koleksi Utara OG014";"PJG";"762";"MTR";"762";"0";"0";"WOWIF/SA1/202607/020106";"29-JUL-26 06.49.05.000000 AM";"0107042";"29-JUL-26 06.49.05.000000 AM";"0107042";"0";"0";"";"";"Y"
"SA1";"OG";"014";"JL";"JLC";"JLCOG014";"Jalan Transport Barat OG014";"PJG";"194";"MTR";"194";"0";"0";"";"20-JUN-26 01.01.24.000000 PM";"0107042";"20-JUN-26 01.01.24.000000 PM";"0107042";"0";"0";"";"";"Y"
"SA1";"OG";"015";"JL";"JLA";"JLAOG015";"Jalan Transport Timur OG015";"PJG";"319";"MTR";"319";"0";"0";"";"20-JUN-26 01.02.29.000000 PM";"0107042";"20-JUN-26 01.02.29.000000 PM";"0107042";"0";"0";"";"";"Y"
"SA1";"OG";"015";"JL";"JLB";"JLBOG015";"Jalan Koleksi Utara OG015";"PJG";"1043";"MTR";"1043";"0";"0";"WOWIF/SA1/202607/020107";"29-JUL-26 06.49.51.000000 AM";"0107042";"29-JUL-26 06.49.51.000000 AM";"0107042";"0";"0";"";"";"Y"
"SA1";"OG";"016";"JL";"JLE";"JLEOG016a";"Jalan Utama OG016";"PJG";"251";"MTR";"251";"0";"0";"";"05-APR-23 10.00.00.000000 AM";"SYSTEM";"05-APR-23 10.00.00.000000 AM";"";"";"";"";"";"N"
"SA1";"OG";"016";"JL";"JLE";"JLEOG016b";"Jalan Utama OG016";"PJG";"1012";"MTR";"972";"40";"0";"";"20-JUN-26 01.04.14.000000 PM";"0107042";"20-JUN-26 01.04.14.000000 PM";"0107042";"0";"0";"";"";"N"
"SA1";"OG";"017";"JL";"JLA";"JLAOG017";"Jalan Transport Timur OG017";"PJG";"240";"MTR";"240";"0";"0";"";"20-JUN-26 01.04.55.000000 PM";"0107042";"20-JUN-26 01.04.55.000000 PM";"0107042";"0";"0";"";"";"Y"
"SA1";"OG";"017";"JL";"JLB";"JLBOG017";"Jalan Koleksi Utara OG017";"PJG";"1012";"MTR";"1012";"0";"0";"";"10-JUN-25 11.48.06.000000 AM";"0107042";"10-JUN-25 11.48.06.000000 AM";"0107042";"0";"0";"";"";"Y"
"SA1";"OG";"017";"JL";"JLE";"JLEOG017";"Jalan Utama OG017";"PJG";"242";"MTR";"242";"0";"0";"";"01-FEB-24 10.22.05.000000 AM";"0107042";"01-FEB-24 10.22.05.000000 AM";"0107042";"0";"0";"";"";"Y"
"SA1";"OG";"018";"JL";"JLA";"JLAOG018";"Jalan Transport Timur OG018";"PJG";"277";"MTR";"277";"0";"0";"WOWIF/SA1/202608/020012";"05-AUG-26 06.43.23.000000 AM";"0107042";"05-AUG-26 06.43.23.000000 AM";"0107042";"0";"0";"";"";"Y"
"SA1";"OG";"018";"JL";"JLB";"JLBOG018";"Jalan Koleksi Utara OG018";"PJG";"1007";"MTR";"947";"60";"0";"";"18-AUG-26 08.23.22.000000 AM";"0107042";"18-AUG-26 08.23.22.000000 AM";"0107042";"0";"0";"";"";"Y"
"SA1";"OG";"018";"JL";"JLD";"JLDOG018";"Jalan Koleksi Selatan OG018";"PJG";"600";"MTR";"560";"40";"0";"";"16-MAR-26 08.43.53.000000 AM";"0107042";"16-MAR-26 08.43.53.000000 AM";"0107042";"0";"0";"";"";"Y"
"SA1";"OG";"019";"JL";"JLA";"JLAOG019";"Jalan Transport Timur OG019";"PJG";"250";"MTR";"250";"0";"0";"";"19-JUN-25 09.16.50.000000 AM";"0107042";"19-JUN-25 09.16.50.000000 AM";"0107042";"0";"0";"";"";"Y"
"SA1";"OG";"019";"JL";"JLB";"JLBOG019";"Jalan Koleksi Utara OG019";"PJG";"745";"MTR";"745";"0";"0";"WOWIF/SA1/202606/020076";"29-JUN-26 08.17.59.000000 AM";"0107042";"29-JUN-26 08.17.59.000000 AM";"0107042";"0";"0";"";"";"Y"
"SA1";"OG";"019";"JL";"JLC";"JLCOG019";"Jalan Transport Barat OG019";"PJG";"267";"MTR";"267";"0";"0";"";"24-MAR-24 10.36.39.000000 AM";"0107042";"24-MAR-24 10.36.39.000000 AM";"0107042";"0";"0";"";"";"Y"
"SA1";"OG";"019";"JL";"JLD";"JLDOG019";"Jalan Koleksi Selatan OG019";"PJG";"770";"MTR";"770";"0";"0";"";"02-AUG-24 10.10.47.000000 AM";"0107042";"02-AUG-24 10.10.47.000000 AM";"0107042";"0";"0";"";"";"Y"
"SA1";"OG";"01A";"JL";"JLE";"JLEOG01Aa";"Jalan Utama OG01A";"PJG";"207";"MTR";"177";"30";"0";"";"28-JUL-26 01.01.29.000000 PM";"0107042";"28-JUL-26 01.01.29.000000 PM";"0107042";"0";"0";"";"";"N"
"SA1";"OG";"01A";"JL";"JLE";"JLEOG01Ab";"Jalan Utama OG01A";"PJG";"940";"MTR";"940";"0";"0";"";"24-JUN-26 09.54.54.000000 PM";"0107042";"24-JUN-26 09.54.54.000000 PM";"0107042";"0";"0";"";"";"N"
"SA1";"OG";"02A";"JL";"JLA";"JLAOG02A";"Jalan Transport Timur OG02A";"PJG";"237";"MTR";"237";"0";"0";"";"24-JUN-26 09.56.23.000000 PM";"0107042";"24-JUN-26 09.56.23.000000 PM";"0107042";"0";"0";"";"";"Y"
"SA1";"OG";"02A";"JL";"JLB";"JLBOG02A";"Jalan Koleksi Utara OG02A";"PJG";"920";"MTR";"900";"20";"0";"WOWIF/SA1/202608/020008";"04-AUG-26 07.48.39.000000 AM";"0107042";"04-AUG-26 07.49.14.000000 AM";"0107042";"-1.96477";"102.496";"";"";"Y"
"SA1";"OG";"03A";"JL";"JLA";"JLAOG03A";"Jalan Transport Timur OG03A";"PJG";"270";"MTR";"270";"0";"0";"";"05-APR-23 10.00.00.000000 AM";"SYSTEM";"05-APR-23 10.00.00.000000 AM";"";"";"";"";"";"N"
"SA1";"OG";"06A";"JL";"JLB";"JLBOG06A";"Jalan Koleksi Utara OG06A";"PJG";"967";"MTR";"967";"0";"0";"WOWIF/SA1/202607/020105";"29-JUL-26 06.48.25.000000 AM";"0107042";"29-JUL-26 06.48.25.000000 AM";"0107042";"0";"0";"";"";"Y"
"SA1";"OG";"06A";"JL";"JLC";"JLCOG06A";"Jalan Transport Barat OG06A";"PJG";"250";"MTR";"250";"0";"0";"WOWIF/SA1/202608/020016";"06-AUG-26 06.56.40.000000 AM";"0107042";"06-AUG-26 06.56.40.000000 AM";"0107042";"0";"0";"";"";"Y"
"SA1";"OG";"06A";"JL";"JLE";"JLEOG06A";"Jalan Utama OG06A";"PJG";"299";"MTR";"264";"35";"0";"";"28-JUL-26 01.02.04.000000 PM";"0107042";"28-JUL-26 01.02.04.000000 PM";"0107042";"0";"0";"";"";"Y"
"SA1";"OG";"11A";"JL";"JLE";"JLEOG11Aa";"Jalan Utama OG11A";"PJG";"250";"MTR";"250";"0";"0";"";"24-JUN-26 10.01.34.000000 PM";"0107042";"24-JUN-26 10.01.34.000000 PM";"0107042";"0";"0";"";"";"N"
"SA1";"OG";"11A";"JL";"JLE";"JLEOG11Ab";"Jalan Utama OG11A";"PJG";"1005";"MTR";"1005";"0";"0";"";"24-JUN-26 10.00.35.000000 PM";"0107042";"24-JUN-26 10.00.35.000000 PM";"0107042";"0";"0";"";"";"N"
"SA1";"OG";"16A";"JL";"JLA";"JLAOG16A";"Jalan Transport Timur OG16A";"PJG";"247";"MTR";"247";"0";"0";"";"24-JUN-26 10.02.35.000000 PM";"0107042";"24-JUN-26 10.02.35.000000 PM";"0107042";"0";"0";"";"";"Y"
"SA1";"OG";"16A";"JL";"JLB";"JLBOG16A";"Jalan Koleksi Utara OG16A";"PJG";"997";"MTR";"997";"0";"0";"WOWIF/SA1/202607/020109";"30-JUL-26 07.51.06.000000 AM";"0107042";"30-JUL-26 07.51.06.000000 AM";"0107042";"0";"0";"";"";"Y"
"SA1";"OG";"17A";"JL";"JLB";"JLBOG17A";"Jalan Koleksi Utara OG17A";"PJG";"210";"MTR";"180";"30";"0";"";"29-JUL-26 02.48.23.000000 PM";"0107042";"29-JUL-26 02.48.23.000000 PM";"0107042";"0";"0";"";"";"Y"
"SA1";"OG";"17A";"JL";"JLF";"JLFOG17Aa";"Jalan Koleksi Dalam OG17A";"PJG";"132";"MTR";"132";"0";"0";"";"05-APR-23 10.00.00.000000 AM";"SYSTEM";"05-APR-23 10.00.00.000000 AM";"";"";"";"";"";"N"
"SA1";"OG";"OG001";"JL";"JLA";"JLAOG0011";"JLAOG01A";"";"";"";"";"";"";"";"";"";"";"";"";"";"ROLLING - 2";"";"N"
"SA1";"OG";"OG001";"JL";"JLB";"JLBOG0011";"JLBOG01A";"";"";"";"";"";"";"";"";"";"";"";"";"";"ROLLING - 2";"";"N"
"SA1";"OG";"OG011";"JL";"JLA";"JLAOG0111";"Jalan Transport Timur OG011A";"";"";"";"";"";"";"";"";"";"";"";"";"";"DATAR";"";"N"
"SA1";"OG";"OG011";"JL";"JLB";"JLBOG0111";"JLBOG11A";"";"";"";"";"";"";"";"";"";"";"";"";"";"DATAR";"";"N"
"SA1";"OG";"OG016";"JL";"JLA";"JLAOG016";"Jalan Transport Timur OG016";"";"";"";"";"";"";"";"";"";"";"";"";"";"DATAR";"";"Y"
"SA1";"OG";"OG016";"JL";"JLB";"JLBOG016";"Jalan Koleksi Utara OG016";"PJG";"1012";"MTR";"1012";"0";"0";"WOWIF/SA1/202608/020001";"03-AUG-26 07.28.59.000000 AM";"0107042";"03-AUG-26 07.28.59.000000 AM";"0107042";"0";"0";"DATAR";"";"Y"
"SA1";"OG";"OG017";"JL";"JLF";"JLFOG0171";"JLFOG17A";"";"";"";"";"";"";"";"";"";"";"";"";"";"DATAR";"";"N"
"SA1";"OG";"OG01A";"JL";"JLA";"JLAOG01A";"Jalan Utama OG01A";"";"";"";"";"";"";"";"";"";"";"";"";"";"ROLLING - 2";"";"Y"
"SA1";"OG";"OG01A";"JL";"JLB";"JLBOG01A";"Jalan Utama OG01A";"";"";"";"";"";"";"";"";"";"";"";"";"";"ROLLING - 2";"";"Y"
"SA1";"OG";"OG11A";"JL";"JLA";"JLAOG11A";"Jalan Utama OG11A";"";"";"";"";"";"";"";"";"";"";"";"";"";"DATAR";"";"Y"
"SA1";"OG";"OG11A";"JL";"JLB";"JLBOG11A";"Jalan Utama OG11A";"";"";"";"";"";"";"";"";"";"";"";"";"";"DATAR";"";"Y"
"SA1";"OG";"OG17A";"JL";"JLF";"JLFOG17A";"Jalan Koleksi Dalam OG17A";"";"132";"MTR";"112";"20";"0";"";"24-JUN-26 10.04.38.000000 PM";"0107042";"24-JUN-26 10.04.38.000000 PM";"0107042";"0";"0";"DATAR";"";"Y"
"SA1";"OH";"001";"JL";"JLB";"JLBOH001";"Jalan Koleksi Utara OH001";"PJG";"1021";"MTR";"1021";"0";"0";"WOWIF/SA1/202607/020111";"30-JUL-26 07.53.17.000000 AM";"0107042";"30-JUL-26 07.53.17.000000 AM";"0107042";"0";"0";"";"";"Y"
"SA1";"OH";"001";"JL";"JLE";"JLEOH001";"Jalan Utama OH001";"PJG";"255";"MTR";"255";"0";"0";"";"24-JUL-25 09.09.00.000000 AM";"0107042";"24-JUL-25 09.09.00.000000 AM";"0107042";"0";"0";"";"";"Y"
"SA1";"OH";"002";"JL";"JLB";"JLBOH002";"Jalan Koleksi Utara OH002";"PJG";"1104";"MTR";"1104";"0";"0";"";"18-JUN-24 09.18.56.000000 AM";"0107042";"18-JUN-24 09.18.56.000000 AM";"0107042";"0";"0";"";"";"Y"
"SA1";"OH";"002";"JL";"JLE";"JLEOH002";"Jalan Utama OH002";"PJG";"266";"MTR";"266";"0";"0";"";"24-JUN-26 10.14.31.000000 PM";"0107042";"24-JUN-26 10.14.31.000000 PM";"0107042";"0";"0";"";"";"Y"
"SA1";"OH";"003";"JL";"JLA";"JLAOH003";"Jalan Transport Timur OH003";"PJG";"258";"MTR";"258";"0";"0";"WOWIF/SA1/202607/020101";"25-JUL-26 05.21.44.000000 AM";"0107042";"25-JUL-26 05.21.44.000000 AM";"0107042";"0";"0";"";"";"Y"
"SA1";"OH";"003";"JL";"JLB";"JLBOH003";"Jalan Koleksi Utara OH003";"PJG";"1007";"MTR";"1007";"0";"0";"";"15-JUN-24 10.32.49.000000 AM";"0107042";"15-JUN-24 10.32.49.000000 AM";"0107042";"0";"0";"";"";"Y"
"SA1";"OH";"004";"JL";"JLA";"JLAOH004";"Jalan Transport Timur OH004";"PJG";"229";"MTR";"229";"0";"0";"";"06-JUL-26 11.18.32.000000 AM";"0107042";"06-JUL-26 11.18.32.000000 AM";"0107042";"0";"0";"";"";"Y"
"SA1";"OH";"004";"JL";"JLB";"JLBOH004";"Jalan Koleksi Utara OH004";"PJG";"983";"MTR";"923";"60";"0";"";"05-DEC-25 08.59.14.000000 AM";"0107042";"05-DEC-25 08.59.14.000000 AM";"0107042";"0";"0";"";"";"Y"
"SA1";"OH";"004";"JL";"JLC";"JLCOH004";"Jalan Transport Barat OH004";"PJG";"232";"MTR";"232";"0";"0";"";"05-APR-23 10.00.00.000000 AM";"SYSTEM";"05-APR-23 10.00.00.000000 AM";"";"";"";"";"";"Y"
"SA1";"OH";"005";"JL";"JLB";"JLBOH005";"Jalan Koleksi Utara OH005";"PJG";"1048";"MTR";"1008";"40";"0";"";"06-MAY-25 03.47.06.000000 PM";"0107042";"06-MAY-25 03.47.06.000000 PM";"0107042";"0";"0";"";"";"Y"
"SA1";"OH";"005";"JL";"JLE";"JLEOH005";"Jalan Utama OH005";"PJG";"250";"MTR";"250";"0";"0";"";"24-JUN-26 10.16.55.000000 PM";"0107042";"24-JUN-26 10.16.55.000000 PM";"0107042";"0";"0";"";"";"Y"
"SA1";"OH";"006";"JL";"JLB";"JLBOH006";"Jalan Koleksi Utara OH006";"PJG";"1059";"MTR";"999";"60";"0";"";"30-DEC-25 11.32.13.000000 AM";"0107042";"30-DEC-25 11.32.13.000000 AM";"0107042";"0";"0";"";"";"Y"
"SA1";"OH";"006";"JL";"JLE";"JLEOH006";"Jalan Utama OH006";"PJG";"249";"MTR";"249";"0";"0";"";"24-JUN-26 10.17.46.000000 PM";"0107042";"24-JUN-26 10.17.46.000000 PM";"0107042";"0";"0";"";"";"Y"
"SA1";"OH";"007";"JL";"JLA";"JLAOH007";"Jalan Transport Timur OH007";"PJG";"238";"MTR";"218";"20";"0";"";"24-JUN-26 10.18.57.000000 PM";"0107042";"24-JUN-26 10.18.57.000000 PM";"0107042";"0";"0";"";"";"Y"
"SA1";"OH";"007";"JL";"JLB";"JLBOH007";"Jalan Koleksi Utara OH007";"PJG";"1008";"MTR";"948";"60";"0";"";"09-JAN-26 08.20.31.000000 AM";"0107042";"09-JAN-26 08.26.36.000000 AM";"0107042";"0";"0";"";"";"Y"
"SA1";"OH";"008";"JL";"JLA";"JLAOH008";"Jalan Transport Timur OH008";"PJG";"228";"MTR";"228";"0";"0";"";"24-JUN-26 10.20.28.000000 PM";"0107042";"24-JUN-26 10.20.28.000000 PM";"0107042";"0";"0";"";"";"Y"
"SA1";"OH";"008";"JL";"JLB";"JLBOH008";"Jalan Koleksi Utara OH008";"PJG";"357";"MTR";"357";"0";"0";"";"21-MAY-25 10.31.04.000000 AM";"0107042";"21-MAY-25 10.31.04.000000 AM";"0107042";"0";"0";"";"";"Y"
"SA1";"OH";"009";"JL";"JLA";"JLAOH009";"Jalan Transport Timur OH009";"PJG";"249";"MTR";"249";"0";"0";"";"24-JUN-26 10.21.07.000000 PM";"0107042";"24-JUN-26 10.21.07.000000 PM";"0107042";"0";"0";"";"";"Y"
"SA1";"OH";"009";"JL";"JLB";"JLBOH009";"Jalan Koleksi Utara OH009";"PJG";"610";"MTR";"580";"30";"0";"";"24-JUN-26 10.22.10.000000 PM";"0107042";"24-JUN-26 10.22.10.000000 PM";"0107042";"0";"0";"";"";"Y"
"SA1";"OH";"010";"JL";"JLA";"JLAOH010";"Jalan Transport Timur OH010";"PJG";"237";"MTR";"237";"0";"0";"";"25-JUN-26 11.30.09.000000 AM";"0107042";"25-JUN-26 11.30.09.000000 AM";"0107042";"0";"0";"";"";"Y"
"SA1";"OH";"010";"JL";"JLB";"JLBOH010";"Jalan Koleksi Utara OH010";"PJG";"908";"MTR";"858";"50";"0";"";"11-MAR-26 09.26.11.000000 AM";"0107042";"11-MAR-26 09.26.11.000000 AM";"0107042";"0";"0";"";"";"Y"
"SA1";"OH";"010";"JL";"JLD";"JLDOH010";"Jalan Koleksi Selatan OH010";"PJG";"440";"MTR";"440";"0";"0";"";"05-APR-23 10.00.00.000000 AM";"SYSTEM";"05-APR-23 10.00.00.000000 AM";"";"";"";"";"";"Y"
"SA1";"OH";"011";"JL";"JLA";"JLAOH011";"Jalan Transport Timur OH011";"PJG";"286";"MTR";"251";"35";"0";"";"11-MAY-26 02.09.41.000000 PM";"0107042";"11-MAY-26 02.09.41.000000 PM";"0107042";"0";"0";"";"";"Y"
"SA1";"OH";"011";"JL";"JLB";"JLBOH011";"Jalan Koleksi Utara OH011";"PJG";"993";"MTR";"993";"0";"0";"WOWIF/SA1/202506/020180";"28-JUN-25 10.48.54.000000 AM";"0107042";"28-JUN-25 10.48.54.000000 AM";"0107042";"0";"0";"";"";"Y"
"SA1";"OH";"012";"JL";"JLA";"JLAOH012";"Jalan Transport Timur OH012";"PJG";"267";"MTR";"267";"0";"0";"";"08-MAY-25 09.32.09.000000 AM";"0107042";"08-MAY-25 09.32.09.000000 AM";"0107042";"0";"0";"";"";"Y"
"SA1";"OH";"012";"JL";"JLB";"JLBOH012";"Jalan Koleksi Utara OH012";"PJG";"1012";"MTR";"932";"80";"0";"";"25-JUN-26 11.31.21.000000 AM";"0107042";"25-JUN-26 11.31.21.000000 AM";"0107042";"0";"0";"";"";"Y"
"SA1";"OH";"013";"JL";"JLB";"JLBOH013";"Jalan Koleksi Utara OH013";"PJG";"1074";"MTR";"1074";"0";"0";"WOWIF/SA1/202606/020015";"05-JUN-26 09.12.18.000000 AM";"0107042";"05-JUN-26 09.12.18.000000 AM";"0107042";"0";"0";"";"";"Y"
"SA1";"OH";"013";"JL";"JLE";"JLEOH013";"Jalan Utama OH013";"PJG";"251";"MTR";"231";"20";"0";"";"25-JUN-26 11.37.32.000000 AM";"0107042";"25-JUN-26 11.37.32.000000 AM";"0107042";"0";"0";"";"";"Y"
"SA1";"OH";"014";"JL";"JLB";"JLBOH014";"Jalan Koleksi Utara OH014";"PJG";"1085";"MTR";"1025";"60";"0";"";"06-MAY-25 03.49.01.000000 PM";"0107042";"06-MAY-25 03.49.01.000000 PM";"0107042";"0";"0";"";"";"Y"
"SA1";"OH";"014";"JL";"JLE";"JLEOH014";"Jalan Utama OH014";"PJG";"249";"MTR";"249";"0";"0";"";"25-JUN-26 11.38.50.000000 AM";"0107042";"25-JUN-26 11.38.50.000000 AM";"0107042";"0";"0";"";"";"Y"
"SA1";"OH";"015";"JL";"JLA";"JLAOH015";"Jalan Transport Timur OH015";"PJG";"223";"MTR";"223";"0";"0";"";"25-JUN-26 11.40.00.000000 AM";"0107042";"25-JUN-26 11.40.00.000000 AM";"0107042";"0";"0";"";"";"Y"
"SA1";"OH";"015";"JL";"JLB";"JLBOH015";"Jalan Koleksi Utara OH015";"PJG";"1018";"MTR";"1018";"0";"0";"WOWIF/SA1/202512/020031";"06-DEC-25 08.35.24.000000 AM";"0107042";"06-DEC-25 08.35.24.000000 AM";"0107042";"0";"0";"";"";"Y"
"SA1";"OH";"016";"JL";"JLA";"JLAOH016";"Jalan Transport Timur OH016";"PJG";"210";"MTR";"210";"0";"0";"";"25-JUN-26 11.41.45.000000 AM";"0107042";"25-JUN-26 11.41.45.000000 AM";"0107042";"0";"0";"";"";"Y"
"SA1";"OH";"016";"JL";"JLB";"JLBOH016";"Jalan Koleksi Utara OH016";"PJG";"992";"MTR";"892";"100";"0";"";"23-MAY-26 06.57.16.000000 AM";"0107042";"23-MAY-26 06.57.16.000000 AM";"0107042";"0";"0";"";"";"Y"
"SA1";"OH";"017";"JL";"JLA";"JLAOH017";"Jalan Transport Timur OH017";"PJG";"254";"MTR";"254";"0";"0";"";"25-JUN-26 11.43.55.000000 AM";"0107042";"25-JUN-26 11.43.55.000000 AM";"0107042";"0";"0";"";"";"Y"
"SA1";"OH";"017";"JL";"JLB";"JLBOH017";"Jalan Koleksi Utara OH017";"PJG";"829";"MTR";"729";"100";"0";"";"21-FEB-25 10.36.43.000000 AM";"0107042";"21-FEB-25 10.36.43.000000 AM";"0107042";"0";"0";"";"";"Y"
"SA1";"OH";"018";"JL";"JLA";"JLAOH018";"Jalan Transport Timur OH018";"PJG";"238";"MTR";"238";"0";"0";"";"29-JUN-26 03.43.13.000000 PM";"0107042";"29-JUN-26 03.43.13.000000 PM";"0107042";"0";"0";"";"";"Y"
"SA1";"OH";"018";"JL";"JLB";"JLBOH018";"Jalan Koleksi Utara OH018";"PJG";"1008";"MTR";"1008";"0";"0";"WOWIF/SA1/202606/020003";"04-JUN-26 09.55.08.000000 AM";"0107042";"04-JUN-26 09.55.08.000000 AM";"0107042";"0";"0";"";"";"Y"
"SA1";"OH";"019";"JL";"JLB";"JLBOH019";"Jalan Koleksi Utara OH019";"PJG";"1098";"MTR";"1098";"0";"0";"";"24-JUN-25 11.32.36.000000 AM";"0107042";"24-JUN-25 11.32.36.000000 AM";"0107042";"0";"0";"";"";"Y"
"SA1";"OH";"019";"JL";"JLE";"JLEOH019";"Jalan Utama OH019";"PJG";"254";"MTR";"254";"0";"0";"";"29-JUN-26 03.43.53.000000 PM";"0107042";"29-JUN-26 03.43.53.000000 PM";"0107042";"0";"0";"";"";"Y"
"SA1";"OH";"01A";"JL";"JLA";"JLAOH01A";"Jalan Transport Timur OH01A";"PJG";"181";"MTR";"161";"20";"0";"";"10-JUL-26 06.41.18.000000 AM";"0107042";"10-JUL-26 06.41.18.000000 AM";"0107042";"0";"0";"";"";"Y"
"SA1";"OH";"01A";"JL";"JLB";"JLBOH01A";"Jalan Koleksi Utara OH01A";"PJG";"141";"MTR";"141";"0";"0";"";"29-JUN-26 03.45.51.000000 PM";"0107042";"29-JUN-26 03.45.51.000000 PM";"0107042";"0";"0";"";"";"Y"
"SA1";"OH";"01A";"JL";"JLF";"JLFOH01Aa";"Jalan Koleksi Dalam OH01A";"PJG";"314";"MTR";"314";"0";"0";"";"05-APR-23 10.00.00.000000 AM";"SYSTEM";"05-APR-23 10.00.00.000000 AM";"";"";"";"";"";"N"
"SA1";"OH";"020";"JL";"JLB";"JLBOH020";"Jalan Koleksi Utara OH020";"PJG";"1111";"MTR";"1111";"0";"0";"WOWIF/SA1/202606/020016";"06-JUN-26 03.02.59.000000 PM";"0107042";"06-JUN-26 03.02.59.000000 PM";"0107042";"0";"0";"";"";"Y"
"SA1";"OH";"020";"JL";"JLE";"JLEOH020";"Jalan Utama OH020";"PJG";"243";"MTR";"243";"0";"0";"";"29-JUN-26 03.47.24.000000 PM";"0107042";"29-JUN-26 03.47.24.000000 PM";"0107042";"0";"0";"";"";"Y"
"SA1";"OH";"021";"JL";"JLA";"JLAOH021";"Jalan Transport Timur OH021";"PJG";"286";"MTR";"286";"0";"0";"";"24-JUN-25 11.33.37.000000 AM";"0107042";"24-JUN-25 11.33.37.000000 AM";"0107042";"0";"0";"";"";"Y"
"SA1";"OH";"021";"JL";"JLB";"JLBOH021";"Jalan Koleksi Utara OH021";"PJG";"1008";"MTR";"948";"60";"0";"";"19-JAN-26 10.46.17.000000 AM";"0107042";"19-JAN-26 10.46.17.000000 AM";"0107042";"0";"0";"";"";"Y"
"SA1";"OH";"022";"JL";"JLA";"JLAOH022";"Jalan Transport Timur OH022";"PJG";"319";"MTR";"319";"0";"0";"";"06-JUL-26 11.14.43.000000 AM";"0107042";"06-JUL-26 11.14.43.000000 AM";"0107042";"0";"0";"";"";"Y"
"SA1";"OH";"022";"JL";"JLB";"JLBOH022";"Jalan Koleksi Utara OH022";"PJG";"992";"MTR";"992";"0";"0";"WOWIF/SA1/202607/020113";"31-JUL-26 09.18.19.000000 AM";"0107042";"31-JUL-26 09.59.56.000000 AM";"0107042";"0";"0";"";"";"Y"
"SA1";"OH";"023";"JL";"JLB";"JLBOH023";"Jalan Koleksi Utara OH023";"PJG";"1119";"MTR";"1119";"0";"0";"WOWIF/SA1/202607/020114";"31-JUL-26 09.23.35.000000 AM";"0107042";"31-JUL-26 09.23.35.000000 AM";"0107042";"0";"0";"";"";"Y"
"SA1";"OH";"023";"JL";"JLD";"JLDOH023";"Jalan Koleksi Selatan OH023";"PJG";"1116";"MTR";"1116";"0";"0";"";"29-JUN-24 10.20.41.000000 AM";"0107042";"29-JUN-24 10.20.41.000000 AM";"0107042";"0";"0";"";"";"Y"
"SA1";"OH";"023";"JL";"JLE";"JLEOH023";"Jalan Utama OH023";"PJG";"348";"MTR";"348";"0";"0";"";"06-JUL-26 11.15.25.000000 AM";"0107042";"06-JUL-26 11.15.25.000000 AM";"0107042";"0";"0";"";"";"Y"
"SA1";"OH";"024";"JL";"JLA";"JLAOH024";"Jalan Transport Timur OH024";"PJG";"302";"MTR";"302";"0";"0";"";"06-JUL-26 11.16.07.000000 AM";"0107042";"06-JUL-26 11.16.07.000000 AM";"0107042";"0";"0";"";"";"Y"
"SA1";"OH";"024";"JL";"JLB";"JLBOH024";"Jalan Koleksi Utara OH024";"PJG";"993";"MTR";"993";"0";"0";"WOWIF/SA1/202607/020115";"31-JUL-26 09.19.05.000000 AM";"0107042";"31-JUL-26 09.19.05.000000 AM";"0107042";"0";"0";"";"";"Y"
"SA1";"OH";"024";"JL";"JLD";"JLDOH024";"Jalan Koleksi Selatan OH024";"PJG";"978";"MTR";"978";"0";"0";"";"11-NOV-25 09.14.27.000000 AM";"0107042";"11-NOV-25 09.14.27.000000 AM";"0107042";"0";"0";"";"";"Y"
"SA1";"OH";"025";"JL";"JLA";"JLAOH025";"Jalan Transport Timur OH025";"PJG";"276";"MTR";"276";"0";"0";"";"02-JUL-24 09.28.23.000000 AM";"0107042";"02-JUL-24 09.28.23.000000 AM";"0107042";"0";"0";"";"";"Y"
"SA1";"OH";"025";"JL";"JLB";"JLBOH025";"Jalan Koleksi Utara OH025";"PJG";"1009";"MTR";"1009";"0";"0";"WOWIF/SA1/202607/020078";"20-JUL-26 12.33.02.000000 PM";"0107042";"20-JUL-26 12.33.02.000000 PM";"0107042";"0";"0";"";"";"Y"
"SA1";"OH";"025";"JL";"JLD";"JLDOH025";"Jalan Koleksi Selatan OH025";"PJG";"1028";"MTR";"968";"60";"0";"";"17-JAN-25 09.14.42.000000 AM";"0107042";"17-JAN-25 09.14.42.000000 AM";"0107042";"0";"0";"";"";"Y"
"SA1";"OH";"09A";"JL";"JLA";"JLAOH09A";"Jalan Transport Timur OH09A";"PJG";"207";"MTR";"207";"0";"0";"";"06-JUL-26 11.16.48.000000 AM";"0107042";"06-JUL-26 11.16.48.000000 AM";"0107042";"0";"0";"";"";"Y"
"SA1";"OH";"09A";"JL";"JLB";"JLBOH09A";"Jalan Koleksi Utara OH09A";"PJG";"668";"MTR";"648";"20";"0";"WOWIF/SA1/202608/020023";"10-AUG-26 10.00.30.000000 AM";"0107042";"10-AUG-26 10.00.30.000000 AM";"0107042";"0";"0";"";"";"Y"
"SA1";"OH";"OH001";"JL";"JLF";"JLFOH0011";"JLFOH01A";"";"";"";"";"";"";"";"";"";"";"";"";"";"DATAR";"";"N"
"SA1";"OH";"OH01A";"JL";"JLF";"JLFOH01A";"Jalan Koleksi Dalam OH01A";"";"314";"MTR";"314";"0";"0";"WOWIF/SA1/202608/020020";"07-AUG-26 09.12.40.000000 AM";"0107042";"07-AUG-26 09.12.40.000000 AM";"0107042";"0";"0";"DATAR";"";"Y"
"SA1";"OI";"004";"JL";"JLA";"JLAOI004";"Jalan Transport Timur OI004";"PJG";"261";"MTR";"261";"0";"0";"";"05-APR-23 10.00.00.000000 AM";"SYSTEM";"05-APR-23 10.00.00.000000 AM";"";"";"";"";"";"Y"
"SA1";"OI";"004";"JL";"JLB";"JLBOI004";"Jalan Koleksi Utara OI004";"PJG";"1521";"MTR";"1521";"0";"0";"";"08-JUN-26 08.19.59.000000 AM";"0107042";"08-JUN-26 08.20.53.000000 AM";"0107042";"0";"0";"";"";"Y"
"SA1";"OI";"005";"JL";"JLA";"JLAOI005";"Jalan Transport Timur OI005";"PJG";"250";"MTR";"250";"0";"0";"";"06-JUL-26 11.19.26.000000 AM";"0107042";"06-JUL-26 11.19.26.000000 AM";"0107042";"0";"0";"";"";"Y"
"SA1";"OI";"005";"JL";"JLB";"JLBOI005";"Jalan Koleksi Utara OI005";"PJG";"1518";"MTR";"1518";"0";"0";"WOWIF/SA1/202608/020002";"03-AUG-26 07.29.43.000000 AM";"0107042";"03-AUG-26 07.29.43.000000 AM";"0107042";"0";"0";"";"";"Y"
"SA1";"OI";"006";"JL";"JLA";"JLAOI006";"Jalan Transport Timur OI006";"PJG";"247";"MTR";"247";"0";"0";"";"06-JUL-26 11.19.54.000000 AM";"0107042";"06-JUL-26 11.19.54.000000 AM";"0107042";"0";"0";"";"";"Y"
"SA1";"OI";"006";"JL";"JLB";"JLBOI006";"Jalan Koleksi Utara OI006";"PJG";"1526";"MTR";"1526";"0";"0";"WOWIF/SA1/202512/020014";"04-DEC-25 09.35.00.000000 AM";"0107042";"04-DEC-25 09.35.00.000000 AM";"0107042";"0";"0";"";"";"Y"
"SA1";"OI";"007";"JL";"JLB";"JLBOI007";"Jalan Koleksi Utara OI007";"PJG";"1531";"MTR";"1531";"0";"0";"";"17-JUN-25 08.41.13.000000 AM";"0107042";"17-JUN-25 08.41.13.000000 AM";"0107042";"0";"0";"";"";"Y"
"SA1";"OI";"008";"JL";"JLA";"JLAOI008";"Jalan Transport Timur OI008";"PJG";"193";"MTR";"193";"0";"0";"";"06-JUL-26 11.20.30.000000 AM";"0107042";"06-JUL-26 11.20.30.000000 AM";"0107042";"0";"0";"";"";"Y"
"SA1";"OI";"008";"JL";"JLB";"JLBOI008";"Jalan Koleksi Utara OI008";"PJG";"1748";"MTR";"1688";"60";"0";"";"12-SEP-25 09.56.04.000000 AM";"0107042";"12-SEP-25 09.56.04.000000 AM";"0107042";"0";"0";"";"";"Y"
"SA1";"OI";"009";"JL";"JLA";"JLAOI009";"Jalan Transport Timur OI009";"PJG";"286";"MTR";"286";"0";"0";"";"06-JUL-26 11.21.29.000000 AM";"0107042";"06-JUL-26 11.21.29.000000 AM";"0107042";"0";"0";"";"";"Y"
"SA1";"OI";"009";"JL";"JLB";"JLBOI009";"Jalan Koleksi Utara OI009";"PJG";"1536";"MTR";"1536";"0";"0";"WOWIF/SA1/202606/020014";"05-JUN-26 09.10.51.000000 AM";"0107042";"05-JUN-26 09.10.51.000000 AM";"0107042";"0";"0";"";"";"Y"
"SA1";"OI";"010";"JL";"JLA";"JLAOI010";"Jalan Transport Timur OI010";"PJG";"245";"MTR";"245";"0";"0";"";"06-JUL-26 11.21.58.000000 AM";"0107042";"06-JUL-26 11.21.58.000000 AM";"0107042";"0";"0";"";"";"Y"
"SA1";"OI";"010";"JL";"JLB";"JLBOI010";"Jalan Koleksi Utara OI010";"PJG";"1544";"MTR";"1544";"0";"0";"WOWIF/SA1/202607/020117";"01-AUG-26 10.43.25.000000 AM";"0107042";"01-AUG-26 10.43.25.000000 AM";"0107042";"0";"0";"";"";"Y"
"SA1";"OI";"011";"JL";"JLA";"JLAOI011";"Jalan Transport Timur OI011";"PJG";"249";"MTR";"249";"0";"0";"";"06-JUL-26 11.23.07.000000 AM";"0107042";"06-JUL-26 11.23.07.000000 AM";"0107042";"0";"0";"";"";"Y"
"SA1";"OI";"011";"JL";"JLB";"JLBOI011";"Jalan Koleksi Utara OI011";"PJG";"1545";"MTR";"1455";"90";"0";"WOWIF/SA1/202605/020015";"12-MAY-26 09.16.16.000000 AM";"0107042";"12-MAY-26 09.16.16.000000 AM";"0107042";"0";"0";"";"";"Y"
"SA1";"OI";"012";"JL";"JLA";"JLAOI012";"Jalan Transport Timur OI012";"PJG";"291";"MTR";"291";"0";"0";"";"06-JUL-26 11.23.37.000000 AM";"0107042";"06-JUL-26 11.23.37.000000 AM";"0107042";"0";"0";"";"";"Y"
"SA1";"OI";"012";"JL";"JLB";"JLBOI012";"Jalan Koleksi Utara OI012";"PJG";"1546";"MTR";"1546";"0";"0";"";"06-JUN-26 03.01.58.000000 PM";"0107042";"06-JUN-26 03.03.12.000000 PM";"0107042";"-1.9648";"102.496";"";"";"Y"
"SA1";"OI";"013";"JL";"JLA";"JLAOI013";"Jalan Transport Timur OI013";"PJG";"259";"MTR";"259";"0";"0";"";"06-JUL-26 11.24.07.000000 AM";"0107042";"06-JUL-26 11.24.07.000000 AM";"0107042";"0";"0";"";"";"Y"
"SA1";"OI";"013";"JL";"JLB";"JLBOI013";"Jalan Koleksi Utara OI013";"PJG";"1547";"MTR";"1547";"0";"0";"WOWIF/SA1/202607/020118";"01-AUG-26 10.46.18.000000 AM";"0107042";"01-AUG-26 10.46.18.000000 AM";"0107042";"0";"0";"";"";"Y"
"SA1";"OI";"014";"JL";"JLA";"JLAOI014";"Jalan Transport Timur OI014";"PJG";"242";"MTR";"242";"0";"0";"";"06-JUL-26 11.24.39.000000 AM";"0107042";"06-JUL-26 11.24.39.000000 AM";"0107042";"0";"0";"";"";"Y"
"SA1";"OI";"014";"JL";"JLB";"JLBOI014";"Jalan Koleksi Utara OI014";"PJG";"1547";"MTR";"1437";"110";"0";"";"09-JAN-26 07.59.05.000000 AM";"0107042";"09-JAN-26 07.59.05.000000 AM";"0107042";"0";"0";"";"";"Y"
"SA1";"OI";"015";"JL";"JLA";"JLAOI015";"Jalan Transport Timur OI015";"PJG";"229";"MTR";"229";"0";"0";"";"06-JUL-26 11.25.09.000000 AM";"0107042";"06-JUL-26 11.25.09.000000 AM";"0107042";"0";"0";"";"";"Y"
"SA1";"OI";"015";"JL";"JLB";"JLBOI015";"Jalan Koleksi Utara OI015";"PJG";"1519";"MTR";"1439";"80";"0";"";"28-JUN-25 10.50.45.000000 AM";"0107042";"28-JUN-25 10.50.45.000000 AM";"0107042";"0";"0";"";"";"Y"
"SA1";"OI";"016";"JL";"JLA";"JLAOI016";"Jalan Transport Timur OI016";"PJG";"270";"MTR";"270";"0";"0";"";"06-JUL-26 11.25.39.000000 AM";"0107042";"06-JUL-26 11.25.39.000000 AM";"0107042";"0";"0";"";"";"Y"
"SA1";"OI";"016";"JL";"JLB";"JLBOI016";"Jalan Koleksi Utara OI016";"PJG";"1566";"MTR";"1546";"20";"0";"WOWIF/SA1/202607/020044";"15-JUL-26 10.10.26.000000 AM";"0107042";"15-JUL-26 10.11.48.000000 AM";"0107042";"-1.96479";"102.496";"";"";"Y"
"SA1";"OI";"016";"JL";"JLC";"JLCOI016";"Jalan Transport Barat OI016";"PJG";"395";"MTR";"395";"0";"0";"";"06-JUL-26 11.26.16.000000 AM";"0107042";"06-JUL-26 11.26.16.000000 AM";"0107042";"0";"0";"";"";"Y"
"SA1";"OI";"016";"JL";"JLD";"JLDOI016";"Jalan Koleksi Selatan OI016";"PJG";"1574";"MTR";"1454";"120";"0";"";"15-JAN-26 10.03.34.000000 AM";"0107042";"15-JAN-26 10.03.34.000000 AM";"0107042";"0";"0";"";"";"Y"
"SA1";"ZZ";"ZZZ";"JL";"JLE";"JLEZZ001";"Jalan Utama Luar SA1";"PJG";"1000";"MTR";"1000";"0";"0";"WOWIF/SA1/202607/020120";"27-JUL-26 09.06.40.000000 AM";"0107042";"27-JUL-26 09.06.40.000000 AM";"0107042";"0";"0";"";"";"Y"
"SA1";"ZZ";"ZZZ";"JL";"JLE";"JLEZZ002";"Jalan Utama Luar SA1";"PJG";"1000";"MTR";"1000";"0";"0";"WOWIF/SA1/202607/020121";"27-JUL-26 09.07.09.000000 AM";"0107042";"27-JUL-26 09.07.09.000000 AM";"0107042";"0";"0";"";"";"Y"
"SA1";"ZZ";"ZZZ";"JL";"JLE";"JLEZZ003";"Jalan Utama Luar SA1";"PJG";"1000";"MTR";"1000";"0";"0";"WOWIF/SA1/202608/020021";"10-AUG-26 08.09.14.000000 AM";"0107042";"10-AUG-26 08.09.14.000000 AM";"0107042";"0";"0";"";"";"Y"
"SA1";"ZZ";"ZZZ";"JL";"JLE";"JLEZZ004";"Jalan Utama Luar SA1";"PJG";"1000";"MTR";"1000";"0";"0";"";"16-APR-25 10.58.15.000000 AM";"upesa";"16-APR-25 10.58.15.000000 AM";"";"";"";"";"";"Y"
"SA1";"ZZ";"ZZZ";"JL";"JLE";"JLEZZ005";"Jalan Utama Luar SA1";"PJG";"1000";"MTR";"1000";"0";"0";"WOWIF/SA1/202606/020068";"25-JUN-26 11.53.29.000000 AM";"0107042";"25-JUN-26 11.53.29.000000 AM";"0107042";"0";"0";"";"";"Y"
"SA1";"ZZ";"ZZZ";"JL";"JLE";"JLEZZ006";"Jalan Utama Luar SA1";"PJG";"1000";"MTR";"1000";"0";"0";"WOWIF/SA1/202608/020022";"10-AUG-26 08.09.58.000000 AM";"0107042";"10-AUG-26 08.09.58.000000 AM";"0107042";"0";"0";"";"";"Y"
"SA1";"ZZ";"ZZZ";"JL";"JLE";"JLEZZ007";"Jalan Utama Luar SA1";"PJG";"1000";"MTR";"1000";"0";"0";"WOWIF/SA1/202605/020025";"15-MAY-26 08.26.04.000000 AM";"0107042";"15-MAY-26 08.26.04.000000 AM";"0107042";"0";"0";"";"";"Y"
"SA1";"ZZ";"ZZZ";"JL";"JLE";"JLEZZ008";"Jalan Utama Luar SA1";"PJG";"1000";"MTR";"1000";"0";"0";"WOWIF/SA1/202601/020080";"21-JAN-26 10.45.43.000000 AM";"0107042";"21-JAN-26 10.45.43.000000 AM";"0107042";"0";"0";"";"";"Y"
"SA1";"ZZ";"ZZZ";"JL";"JLE";"JLEZZ009";"Jalan Utama Luar SA1";"PJG";"1000";"MTR";"1000";"0";"0";"WOWIF/SA1/202601/020085";"23-JAN-26 10.17.22.000000 AM";"0107042";"23-JAN-26 10.17.22.000000 AM";"0107042";"0";"0";"";"";"Y"
"SA1";"ZZ";"ZZZ";"JL";"JLE";"JLEZZ010";"Jalan Utama Luar SA1";"PJG";"1000";"MTR";"1000";"0";"0";"WOWIF/SA1/202606/020035";"10-JUN-26 09.44.58.000000 AM";"0107042";"10-JUN-26 09.44.58.000000 AM";"0107042";"0";"0";"";"";"Y"
"SA1";"ZZ";"ZZZ";"JL";"JLE";"JLEZZ011";"Jalan Utama Luar SA1";"PJG";"1000";"MTR";"1000";"0";"0";"WOWIF/SA1/202606/020036";"10-JUN-26 09.45.49.000000 AM";"0107042";"10-JUN-26 09.45.49.000000 AM";"0107042";"0";"0";"";"";"Y"
"SA1";"ZZ";"ZZZ";"JL";"JLE";"JLEZZ012";"Jalan Utama Luar SA1";"PJG";"1000";"MTR";"1000";"0";"0";"WOWIF/SA1/202606/020037";"12-JUN-26 11.32.24.000000 AM";"0107042";"12-JUN-26 11.32.24.000000 AM";"0107042";"0";"0";"";"";"Y"
"SA1";"ZZ";"ZZZ";"JL";"JLE";"JLEZZ013";"Jalan Utama Luar SA1";"PJG";"1000";"MTR";"1000";"0";"0";"";"16-APR-25 10.50.17.000000 AM";"upesa";"16-APR-25 10.52.49.000000 AM";"upesa";"";"";"";"";"Y"
"SA1";"ZZ";"ZZZ";"JL";"JLE";"JLEZZ014";"Jalan Utama Luar SA1";"PJG";"1000";"MTR";"940";"60";"0";"";"06-JUL-26 09.07.02.000000 AM";"0107042";"06-JUL-26 09.07.02.000000 AM";"0107042";"0";"0";"";"";"Y"
"SA1";"ZZ";"ZZZ";"JL";"JLE";"JLEZZ015";"Jalan Utama Luar SA1";"PJG";"1000";"MTR";"1000";"0";"0";"WOWIF/SA1/202606/020042";"13-JUN-26 11.47.40.000000 AM";"0107042";"13-JUN-26 11.47.40.000000 AM";"0107042";"0";"0";"";"";"Y"
"SA1";"ZZ";"ZZZ";"JL";"JLE";"JLEZZ016";"Jalan Utama Luar SA1";"PJG";"4600";"MTR";"4600";"0";"0";"WOWIF/SA1/202607/020122";"28-JUL-26 06.52.39.000000 AM";"0107042";"28-JUL-26 06.52.39.000000 AM";"0107042";"0";"0";"";"";"Y"
"SA1";"ZZ";"ZZZ";"JL";"JLE";"JLEZZ017";"Jalan Utama Luar SA1";"PJG";"5500";"MTR";"5500";"0";"0";"WOWIF/SA1/202608/020024";"10-AUG-26 08.11.09.000000 AM";"0107042";"10-AUG-26 08.11.09.000000 AM";"0107042";"0";"0";"";"";"Y"
"SA1";"ZZ";"ZZZ";"JL";"JLE";"JLEZZ018";"Jalan Utama Luar SA1";"PJG";"5500";"MTR";"5410";"90";"0";"";"07-APR-26 11.31.27.000000 AM";"0107042";"07-APR-26 11.31.27.000000 AM";"0107042";"0";"0";"";"";"Y"
"SA1";"ZZ";"ZZZ";"JL";"JLE";"JLEZZ019";"Jalan Utama Luar SA1";"PJG";"8000";"MTR";"8000";"0";"0";"";"16-AUG-24 09.51.07.000000 AM";"0107042";"16-AUG-24 09.51.07.000000 AM";"0107042";"0";"0";"";"";"Y"
"SA1";"ZZ";"ZZZ";"JL";"JLE";"JLEZZ020";"Jalan Utama Luar SA1";"PJG";"18000";"MTR";"18000";"0";"0";"WOWIF/SA1/202603/020036";"14-MAR-26 10.37.40.000000 AM";"0107042";"14-MAR-26 10.37.40.000000 AM";"0107042";"0";"0";"";"";"Y"
